pac_id,fec_id,Contributor.Name,committee_url,name_variants,is_assoc,is_union,industry_override_under_5k,note_subcategory,notes,unresolvable_reason,is_federal_pac,suspected_federal_pac,is_tracked_recipient,is_seed,name_variants,suspected_federal_reason,is_major_donor_ie,is_candidate_pac,low_data_sufficiency,unknown_data_sufficiency,data_ok,contributor_is_dc_based,status,total_received,total_donated_all,data_sufficiency,unitemized_amount,under_5k_amount,over_5k_amount,pct_over_5k,total_direct_over_5k,total_resolvable,pct_resolvable
1340182,,The Lincoln Club of Orange County Issues PAC,https://cal-access.sos.ca.gov/Campaign/Committees/Detail.aspx?id=1340182,,,,Uncategorized,,,low_pct_resolvable,FALSE,FALSE,FALSE,TRUE,The Lincoln Club of Orange County Issues PAC,NA,FALSE,FALSE,FALSE,FALSE,TRUE,FALSE,resolved,128000,115291.32,1.110231022,0,27000,101000,0.7890625,101000,95372.46945,0.4781386269
1025675,,CALIFORNIA ASSOCIATION OF REALTORS ISSUES MOBILIZATION PAC,https://cal-access.sos.ca.gov/Campaign/Committees/Detail.aspx?id=1025675,,TRUE,,Associations,,,no_over_5k_contributors,FALSE,FALSE,FALSE,TRUE,CALIFORNIA ASSOCIATION OF REALTORS ISSUES MOBILIZATION PAC | California Association of Realtors Issues Mobilization PAC (IMPAC),NA,FALSE,FALSE,FALSE,FALSE,TRUE,FALSE,resolved,11775255.64,8020000,1.468236364,11770175.59,4939.75,0,0,0,0,0
1465399,,California Primary Care Association Advocates Issues Committee,https://cal-access.sos.ca.gov/Campaign/Committees/Detail.aspx?id=1465399,,TRUE,,Associations,,,low_data_sufficiency,FALSE,FALSE,FALSE,TRUE,California Primary Care Association Advocates Issues Committee | California Primary Care Association Issues Committee,NA,FALSE,FALSE,TRUE,FALSE,FALSE,FALSE,resolved,112500,371999,0.3024201678,0,0,112500,1,112500,112500,0
1421694,,North East Medical Services,https://cal-access.sos.ca.gov/Campaign/Committees/Detail.aspx?id=1421694,,,,Uncategorized,,,no_contributor_data,FALSE,FALSE,FALSE,TRUE,North East Medical Services,NA,FALSE,FALSE,FALSE,TRUE,FALSE,FALSE,unresolved,NA,1500000,NA,NA,NA,NA,NA,0,0,0
1400190,,"Homeownership for Families, sponsored by California Association of Realtors",https://cal-access.sos.ca.gov/Campaign/Committees/Detail.aspx?id=1400190,,TRUE,,Associations,,,low_data_sufficiency,FALSE,FALSE,FALSE,TRUE,"Homeownership for Families, sponsored by California Association of Realtors",NA,FALSE,FALSE,TRUE,FALSE,FALSE,FALSE,resolved,4000000,8850000,0.4519774011,0,0,4000000,1,4000000,2000000,0
1457730,,Brian Jones for Lt. Governor 2026,https://cal-access.sos.ca.gov/Campaign/Committees/Detail.aspx?id=1457730,,,,Candidates/Political Parties,,,candidate_pac,FALSE,FALSE,FALSE,TRUE,Brian Jones for Lt Governor 2026 | Brian Jones for Lt. Governor 2026 | Brian Jones For Lt. Governor 2026 | BRIAN JONES FOR LT. GOVERNOR 2026,NA,FALSE,TRUE,FALSE,TRUE,FALSE,FALSE,candidate_pac,NA,NA,NA,NA,NA,NA,NA,0,0,0
1021742,,CA BUSINESS PAC,https://cal-access.sos.ca.gov/Campaign/Committees/Detail.aspx?id=1021742,,,,Uncategorized,,,other,FALSE,FALSE,FALSE,TRUE,CA BUSINESS PAC,NA,FALSE,FALSE,FALSE,FALSE,TRUE,FALSE,resolved,1935453.04,1350000,1.433668919,0,0,1935453.04,1,1935453.04,1775000,0.9170979421
1059890,,"Protect Prop. 13, a project of the Howard Jarvis Taxpayers Association",https://cal-access.sos.ca.gov/Campaign/Committees/Detail.aspx?id=1059890,,TRUE,,Associations,,,other,FALSE,FALSE,FALSE,TRUE,"Protect Prop. 13, a project of the Howard Jarvis Taxpayers Association | PROTECT PROP. 13, A PROJECT OF THE HOWARD JARVIS TAXPAYERS ASSOCIATION",NA,FALSE,FALSE,FALSE,FALSE,TRUE,FALSE,resolved,14565776.39,1522217.78,9.568786137,579573.42,286996.35,13521091.86,0.9282781431,13521091.86,12524864.23,0.8598830498
1280428,,AGRICULTURAL COUNCIL OF CALIFORNIA ISSUES PAC,https://cal-access.sos.ca.gov/Campaign/Committees/Detail.aspx?id=1280428,,TRUE,,Associations,,,other,FALSE,FALSE,FALSE,TRUE,AGRICULTURAL COUNCIL OF CALIFORNIA ISSUES PAC,NA,FALSE,FALSE,FALSE,FALSE,TRUE,FALSE,resolved,457192.32,100000,4.5719232,0,4000,453192.32,0.9912509466,453192.32,453192.32,0.9912509466
1489719,,California Donor Table Issues Committee,https://cal-access.sos.ca.gov/Campaign/Committees/Detail.aspx?id=1489719,,,,Uncategorized,,,other,FALSE,FALSE,FALSE,TRUE,California Donor Table Issues Committee,NA,FALSE,FALSE,FALSE,FALSE,TRUE,FALSE,resolved,490000.01,130913.93,3.742917274,0,0,490000.01,1,490000.01,365074.7899,0.7450505765
1063204,,Laborer's Union Local No. 777 PAC,https://cal-access.sos.ca.gov/Campaign/Committees/Detail.aspx?id=1063204,,,TRUE,Unions,,,no_over_5k_contributors,FALSE,FALSE,FALSE,TRUE,Laborer's Union Local No. 777 PAC | Liuna Local 777 | Liuna Local 777 PAC | LIUNA Local 777 PAC,NA,FALSE,FALSE,FALSE,FALSE,TRUE,FALSE,resolved,173659.64,30500,5.693758689,173659.64,0,0,0,0,0,0
1052379,,PACE of California School Employees Association - Issues,https://cal-access.sos.ca.gov/Campaign/Committees/Detail.aspx?id=1052379,,,TRUE,Unions,,,no_over_5k_contributors,FALSE,FALSE,FALSE,TRUE,PACE of California School Employees Association - Issues | PACE of California School Employees Association-Issues,NA,FALSE,FALSE,FALSE,FALSE,TRUE,FALSE,resolved,905223.08,719500,1.258127978,889515.18,14136,0,0,0,0,0
1481256,,"Yes on 37, California Homeownership",https://cal-access.sos.ca.gov/Campaign/Committees/Detail.aspx?id=1481256,,,,Uncategorized,,,low_pct_resolvable,FALSE,FALSE,TRUE,TRUE,"Yes on 37, California Homeownership",NA,FALSE,FALSE,FALSE,FALSE,TRUE,FALSE,resolved,22557248.08,55000,410.1317833,0,0,22557248.08,1,22557248.08,7712893.029,0.3413536958
1485031,,Restore Healthcare For Angelenos Sponsored By St. John's Community Health And Health Justice,https://cal-access.sos.ca.gov/Campaign/Committees/Detail.aspx?id=1485031,,,,Uncategorized,,,no_contributor_data,FALSE,FALSE,FALSE,TRUE,"Restore Healthcare For Angelenos Sponsored By St. John's Community Health And Health Justice | Yes on ER - Restore Healthcare for Angelenos, sponsored by St. John's Community Health and Health Justice Action Fund",NA,FALSE,FALSE,FALSE,TRUE,FALSE,FALSE,unresolved,NA,25001.88,NA,NA,NA,NA,NA,0,0,0
1048353,,"International Association of Sheet Metal, Air, Rail and Transportation Workers Political Action League",https://cal-access.sos.ca.gov/Campaign/Committees/Detail.aspx?id=1048353,,,TRUE,Unions,,,federal_pac,TRUE,FALSE,FALSE,TRUE,"International Association of Sheet Metal, Air, Rail and Transportation Workers Political Action League | Sheet Metal, Air, Rail and Transportation Workers' International Association Political Action League (FEC PAC ID #C00007542) | Sponsored by International Association of Sheet Metal, Air, Rail and Transportation Workers (SMART) (FEC PAC ID #C00007542), Sheet Metal Workers' International Associatio",NA,FALSE,FALSE,FALSE,TRUE,FALSE,TRUE,federal_pac,NA,NA,NA,NA,NA,NA,NA,0,0,0
1073358,,National Education Association (MPO),https://cal-access.sos.ca.gov/Campaign/Committees/Detail.aspx?id=1073358,,TRUE,,Associations,,,suspected_federal_pac,FALSE,TRUE,FALSE,TRUE,National Education Association (MPO),dc_based,FALSE,FALSE,FALSE,FALSE,TRUE,TRUE,resolved,6250000,4000000,1.5625,3125000,0,3125000,0.5,3125000,3125000,0.5
1492745,,"Californians for Affordable Homes, Yes on 1, Sponsored by NPH Action Fund",https://cal-access.sos.ca.gov/Campaign/Committees/Detail.aspx?id=1492745,,,,Uncategorized,,,other,FALSE,FALSE,TRUE,TRUE,"Californians for Affordable Homes, Yes on 1, Sponsored by NPH Action Fund | Californians for Affordable Homes, Yes on Proposition 1, sponsored by NPH Action Fund",NA,FALSE,FALSE,FALSE,FALSE,TRUE,FALSE,resolved,2104411.51,715000,2.943232881,0,0,2104411.51,1,2104411.51,1890720.736,0.8984558046
1378636,,Latino Victory Fund,https://cal-access.sos.ca.gov/Campaign/Committees/Detail.aspx?id=1378636,,,,Uncategorized,,,suspected_federal_pac,FALSE,TRUE,FALSE,TRUE,Latino Victory Fund,dc_based,FALSE,FALSE,TRUE,FALSE,FALSE,TRUE,resolved,1500,6000,0.25,0,1500,0,0,0,0,0
1043948,,Orange County Automobile Dealers Association PAC,https://cal-access.sos.ca.gov/Campaign/Committees/Detail.aspx?id=1043948,,TRUE,,Associations,,,low_pct_resolvable,FALSE,FALSE,FALSE,TRUE,Orane County Automobile Dealers Assn PAC | Orange County Automobile Dealers Assn PAC | Orange County Automobile Dealers Assoc | Orange County Automobile Dealers Association PAC | Orange County Automobile Dealers Association Political Action Committee,NA,FALSE,FALSE,FALSE,FALSE,TRUE,FALSE,resolved,109000,55000,1.981818182,0,104000,5000,0.04587155963,5000,5000,0.04587155963
1052438,,New Car Dealers Association San Diego County PAC,https://cal-access.sos.ca.gov/Campaign/Committees/Detail.aspx?id=1052438,,TRUE,,Associations,,,low_pct_resolvable,FALSE,FALSE,FALSE,TRUE,New Car Dealers Association San Diego County PAC,NA,FALSE,FALSE,FALSE,FALSE,TRUE,FALSE,resolved,40050,10000,4.005,8235,26460,5085,0.1269662921,5085,5085,0.1269662921
1469683,,California Northstate University PAC,https://cal-access.sos.ca.gov/Campaign/Committees/Detail.aspx?id=1469683,,,,Healthcare/Education,,,low_data_sufficiency,FALSE,FALSE,FALSE,TRUE,California Northstate University PAC,NA,FALSE,FALSE,TRUE,FALSE,FALSE,FALSE,resolved,1076.1,10000,0.10761,0,1076.1,0,0,0,0,0
1058987,,Teachers Association of Long Beach/Teachers Active in Politics for Issues,https://cal-access.sos.ca.gov/Campaign/Committees/Detail.aspx?id=1058987,,,TRUE,Unions,,,federal_pac,TRUE,FALSE,FALSE,TRUE,Teachers Association of Long Beach/Teachers Active in Politics for Issues | Teachers Association of Long Beach/Teachers Active in Politics for Issues(ID# 930540),NA,FALSE,FALSE,FALSE,TRUE,FALSE,FALSE,federal_pac,NA,NA,NA,NA,NA,NA,NA,0,0,0
1495036,,"Tax the Ultra-Rich Now, YES on 3 & 40, NO on 41 & 42",https://cal-access.sos.ca.gov/Campaign/Committees/Detail.aspx?id=1495036,,,,Uncategorized,,,other,FALSE,FALSE,FALSE,TRUE,"Tax the Ultra-Rich Now, YES on 3 & 40, NO on 41 & 42",NA,FALSE,FALSE,FALSE,FALSE,TRUE,FALSE,resolved,342225,11250,30.42,0,2225,340000,0.9934984294,340000,315000,0.9204470743
1254399,,League of California Cities CITIPAC,https://cal-access.sos.ca.gov/Campaign/Committees/Detail.aspx?id=1254399,,,,Government/Public Safety,,,other,FALSE,FALSE,FALSE,TRUE,League of California Cities CITIPAC,NA,FALSE,FALSE,FALSE,FALSE,TRUE,FALSE,resolved,478011.1,116420.47,4.10590251,11306,136114.83,328856.27,0.6879678526,328856.27,328856.27,0.6879678526
1254555,,"American Federation of State, County & Municipal Employees California People Issues PAC",https://cal-access.sos.ca.gov/Campaign/Committees/Detail.aspx?id=1254555,,,TRUE,Unions,,,other,FALSE,FALSE,FALSE,TRUE,"American Federation of State, County & Municipal Employees California People Issues PAC | American Federation of State, County & Municipal Employees California People Issues PAC (ID #1254555) | American Federation of State, County, and Municipal Employees California People Issues PAC",NA,FALSE,FALSE,FALSE,FALSE,TRUE,FALSE,resolved,305942.67,300000,1.0198089,0,3862.97,302079.7,0.9873735494,302079.7,302079.7,0.9873735494
1492264,,"No on Prop 45, Sponsored by Labor, Health and Environmental Organizations",https://cal-access.sos.ca.gov/Campaign/Committees/Detail.aspx?id=1492264,,,,Uncategorized,,,low_pct_resolvable,FALSE,FALSE,TRUE,TRUE,"No on Prop 45, Sponsored by Labor, Health and Environmental Organizations",NA,FALSE,FALSE,FALSE,FALSE,TRUE,FALSE,resolved,14569252.54,1803500,8.078321342,0,2393.1,14566859.44,0.9998357431,14566859.44,6051363.443,0.4153516748
1479607,,"Californians for Voter ID, Yes on 39",https://cal-access.sos.ca.gov/Campaign/Committees/Detail.aspx?id=1479607,,,,Uncategorized,,,other,FALSE,FALSE,TRUE,FALSE,"Californians for Voter ID, Yes on 39",NA,FALSE,FALSE,FALSE,FALSE,TRUE,FALSE,resolved,28333945.47,71000,399.0696545,53979.02,179256,28093422.88,0.9915111508,28093422.88,27927088.11,0.8789223729
1384976,,Construction Industry Jobs PAC,https://cal-access.sos.ca.gov/Campaign/Committees/Detail.aspx?id=1384976,,,,Uncategorized,,,no_contributor_data,FALSE,FALSE,FALSE,FALSE,Construction Industry Jobs PAC,NA,FALSE,FALSE,FALSE,TRUE,FALSE,FALSE,unresolved,NA,155453.04,NA,NA,NA,NA,NA,0,0,0
1370549,,"Craig A. Manchester, Including Aggregated Contributions & Independent Expenditures",https://cal-access.sos.ca.gov/Campaign/Committees/Detail.aspx?id=1370549,,,,Major Donors/Megadonors,,,major_donor_ie_committee,FALSE,FALSE,FALSE,FALSE,"Craig A. Manchester, Including Aggregated Contributions & Independent Expenditures",NA,TRUE,FALSE,FALSE,TRUE,FALSE,FALSE,unresolved,NA,50000,NA,NA,NA,NA,NA,0,0,0
1405723,,ISSUES PAC OF APARTMENT ASSOCIATION OF GREATER LOS ANGELES,https://cal-access.sos.ca.gov/Campaign/Committees/Detail.aspx?id=1405723,,TRUE,,Associations,,,low_data_sufficiency,FALSE,FALSE,FALSE,FALSE,ISSUES PAC OF APARTMENT ASSOCIATION OF GREATER LOS ANGELES,NA,FALSE,FALSE,TRUE,FALSE,FALSE,FALSE,resolved,6278.15,35000,0.1793757143,1728.15,4350,0,0,0,0,0
1484860,,"CALIFORNIANS TO RESTORE LOCAL TAXPAYERS' RIGHT TO VOTE ON TAXES, SPONSORED BY HOMEOWNERS, BUSINESSES, AND TAXPAYERS",https://cal-access.sos.ca.gov/Campaign/Committees/Detail.aspx?id=1484860,,,TRUE,Unions,,,other,FALSE,FALSE,TRUE,FALSE,"CALIFORNIANS TO RESTORE LOCAL TAXPAYERS' RIGHT TO VOTE ON TAXES, SPONSORED BY HOMEOWNERS, BUSINESSES, AND TAXPAYERS",NA,FALSE,FALSE,FALSE,FALSE,TRUE,FALSE,resolved,14150976.86,12704391.86,1.113864954,85,27274.08,14123217.78,0.998038363,14123217.78,13973422.26,0.9243656122
1438389,,Kathy Tavoularis for Orange City Council 2022,https://cal-access.sos.ca.gov/Campaign/Committees/Detail.aspx?id=1438389,,,,Candidates/Political Parties,,,no_contributor_data,FALSE,FALSE,FALSE,FALSE,Kathy Tavoularis for Orange City Council 2022,NA,FALSE,FALSE,FALSE,TRUE,FALSE,FALSE,unresolved,NA,9800,NA,NA,NA,NA,NA,0,0,0
1018412,,Building Industry Association of Southern California PAC,https://cal-access.sos.ca.gov/Campaign/Committees/Detail.aspx?id=1018412,,TRUE,,Associations,,,other,FALSE,FALSE,FALSE,FALSE,Building Industry Aassociation of Southern California PAC | Building Industry Assn of So Cal PAC | Building Industry Assn Of Southern CA PAC | Building Industry Association of Southern California | Building Industry Association of Southern California PAC | BUILDING INDUSTRY ASSOCIATION OF SOUTHERN CALIFORNIA PAC,NA,FALSE,FALSE,FALSE,FALSE,TRUE,FALSE,resolved,918487.11,237358.78,3.869615061,85410.11,57207,773593,0.8422469859,773593,763593,0.8313595168
1278808,,SEIU United Service Workers West,https://cal-access.sos.ca.gov/Campaign/Committees/Detail.aspx?id=1278808,,,TRUE,Unions,,,no_contributor_data,FALSE,FALSE,FALSE,FALSE,SEIU United Service Workers West,NA,FALSE,FALSE,FALSE,TRUE,FALSE,FALSE,unresolved,NA,3785,NA,NA,NA,NA,NA,0,0,0
1490343,,"Advance California, Sponsored by California Apartment Association",https://cal-access.sos.ca.gov/Campaign/Committees/Detail.aspx?id=1490343,,TRUE,,Associations,,,other,FALSE,FALSE,FALSE,FALSE,"Advance California, Sponsored by California Apartment Association | ADVANCE CALIFORNIA, SPONSORED BY CALIFORNIA APARTMENT ASSOCIATION",NA,FALSE,FALSE,FALSE,FALSE,TRUE,FALSE,resolved,5436633.35,300000,18.12211117,0.01,0,5436633.34,0.9999999982,5436633.34,5418694.097,0.9967003011
14842266,,No on Prop 44 - Stop the Attack on Patients and Community Health Clinics,https://cal-access.sos.ca.gov/Campaign/Committees/Detail.aspx?id=14842266,,,,Uncategorized,,,no_contributor_data,FALSE,FALSE,FALSE,FALSE,No on Prop 44 - Stop the Attack on Patients and Community Health Clinics,NA,FALSE,FALSE,FALSE,TRUE,FALSE,FALSE,unresolved,NA,250000,NA,NA,NA,NA,NA,0,0,0
1477855,,Tim Grayson for State Controller 2030,https://cal-access.sos.ca.gov/Campaign/Committees/Detail.aspx?id=1477855,,,,Candidates/Political Parties,,,low_pct_resolvable,FALSE,FALSE,FALSE,FALSE,Tim Grayson for State Controller 2030,NA,FALSE,FALSE,FALSE,FALSE,TRUE,FALSE,resolved,627102.93,224500,2.793331537,75,273827.93,352200,0.5616302893,352200,227274.1682,0.3624192414
1485847,,Yes on 38: Californians for Life-Saving Immunology Research and Cures,https://cal-access.sos.ca.gov/Campaign/Committees/Detail.aspx?id=1485847,,,,Uncategorized,,,other,FALSE,FALSE,FALSE,FALSE,Yes on 38: Californians for Life-Saving Immunology Research and Cures,NA,FALSE,FALSE,FALSE,FALSE,TRUE,FALSE,resolved,27201247.85,250000,108.8049914,0,1247.85,27200000,0.9999541253,27200000,27200000,0.9999541253
1492812,,Totally Kids Rehabilitation Hospital,https://cal-access.sos.ca.gov/Campaign/Committees/Detail.aspx?id=1492812,,,,Uncategorized,,,no_contributor_data,FALSE,FALSE,FALSE,FALSE,Totally Kids Rehabilitation Hospital,NA,FALSE,FALSE,FALSE,TRUE,FALSE,FALSE,unresolved,NA,25526.03,NA,NA,NA,NA,NA,0,0,0
1494715,,"Connell, William",https://cal-access.sos.ca.gov/Campaign/Committees/Detail.aspx?id=1494715,,,,Major Donors/Megadonors,,,no_contributor_data,FALSE,FALSE,FALSE,FALSE,"Connell, William",NA,FALSE,FALSE,FALSE,TRUE,FALSE,FALSE,unresolved,NA,25000,NA,NA,NA,NA,NA,0,0,0
1383372,,United Democratic Club of San Francisco,https://cal-access.sos.ca.gov/Campaign/Committees/Detail.aspx?id=1383372,,,,Candidates/Political Parties,,,no_contributor_data,FALSE,FALSE,FALSE,FALSE,United Democratic Club of San Francisco,NA,FALSE,FALSE,FALSE,TRUE,FALSE,FALSE,unresolved,NA,6200,NA,NA,NA,NA,NA,0,0,0
1463832,,Matt Dorsey for DCCC Member 2024,https://cal-access.sos.ca.gov/Campaign/Committees/Detail.aspx?id=1463832,,,,Candidates/Political Parties,,,no_contributor_data,FALSE,FALSE,FALSE,FALSE,Matt Dorsey for DCCC Member 2024 | Matt Dorsey for DCCC Member 2024 Officeholder Committee,NA,FALSE,FALSE,FALSE,TRUE,FALSE,FALSE,unresolved,NA,12000,NA,NA,NA,NA,NA,0,0,0
1495589,,"From the Neighborhood, For the City, Supporting Theo Ellington for Supervisor 2026",https://cal-access.sos.ca.gov/Campaign/Committees/Detail.aspx?id=1495589,,,,Uncategorized,,,no_contributor_data,FALSE,FALSE,FALSE,FALSE,"From the Neighborhood, For the City, Supporting Theo Ellington for Supervisor 2026",NA,FALSE,FALSE,FALSE,TRUE,FALSE,FALSE,unresolved,NA,25000,NA,NA,NA,NA,NA,0,0,0
1485666,,UAW Region 6 Western States CAP Council (Nonprofit 501(c)(5)),https://cal-access.sos.ca.gov/Campaign/Committees/Detail.aspx?id=1485666,,,TRUE,Unions,,,suspected_federal_pac,FALSE,TRUE,FALSE,FALSE,UAW Region 6 Western States CAP Council (Nonprofit 501(c)(5)),self_contributing,FALSE,FALSE,FALSE,FALSE,TRUE,FALSE,resolved,450000,450000,1,0,0,450000,1,450000,450000,1
1054833,,"JOBSPAC, a Bi-Partisan Coalition of California Employers, Sponsored by the California Chamber of Commerce",https://cal-access.sos.ca.gov/Campaign/Committees/Detail.aspx?id=1054833,,,,Uncategorized,,,other,FALSE,FALSE,FALSE,FALSE,"JOBSPAC | JobsPAC, a Bi-Partisan Coalition of California Employees, Sponsored by the California Chamber of Commerce | JobsPAC, A Bi-Partisan Coalition of California Employers | JOBSPAC, A Bi-Partisan Coalition of California Employers | JOBSPAC, a Bi-Partisan Coalition of California Employers, Sponsored by the California Chamber of Commerce | JOBSPAC, A Bi-Partisan Coalition of California Employers, Sponsored by The California Chamber of Commerce",NA,FALSE,FALSE,FALSE,FALSE,TRUE,FALSE,resolved,22179446.7,16302834.27,1.360465692,0,1541.7,22177905,0.9999304897,22177905,21659521.5,0.9765582432
1037735,,IBEW Local Union 302 PAC Small Contributor Committee,https://cal-access.sos.ca.gov/Campaign/Committees/Detail.aspx?id=1037735,,,TRUE,Unions,,,no_over_5k_contributors,FALSE,FALSE,FALSE,FALSE,I.B.E.W Local Union 302 | IBEW 302 PAC | IBEW Local Union 302 PAC Small Contributor Committee | International Brotherhood of Electrical Workers Local 302,NA,FALSE,FALSE,FALSE,FALSE,TRUE,FALSE,resolved,88748.43,54000,1.643489444,69458.81,2553.77,0,0,0,0,0
1021807,,Build Jobs PAC,https://cal-access.sos.ca.gov/Campaign/Committees/Detail.aspx?id=1021807,,,,Uncategorized,,,low_pct_resolvable,FALSE,FALSE,FALSE,FALSE,"Build Jobs PAC | Build Jobs PAC, Sponsored by the Building Industry Association of the Bay Area",NA,FALSE,FALSE,FALSE,FALSE,TRUE,FALSE,resolved,202750,8900,22.78089888,0,197750,5000,0.02466091245,5000,0,0
1060256,,Concord Police Association PAC,https://cal-access.sos.ca.gov/Campaign/Committees/Detail.aspx?id=1060256,,,TRUE,Unions,,,no_contributor_data,FALSE,FALSE,FALSE,FALSE,Concord Police Association PAC,NA,FALSE,FALSE,FALSE,TRUE,FALSE,FALSE,unresolved,NA,9000,NA,NA,NA,NA,NA,0,0,0
1302564,,CALIFORNIA HOMEOWNERS ASSOCIATION,https://cal-access.sos.ca.gov/Campaign/Committees/Detail.aspx?id=1302564,,TRUE,,Associations,,,other,FALSE,FALSE,FALSE,FALSE,CALIFORNIA HOMEOWNERS ASSOCIATION,NA,FALSE,FALSE,FALSE,FALSE,TRUE,FALSE,resolved,255640,25000,10.2256,140,14800,240000,0.9388202159,240000,239747.2945,0.9378316948
1378848,,CITIZENS FOR A BETTER EAST COUNTY,https://cal-access.sos.ca.gov/Campaign/Committees/Detail.aspx?id=1378848,,,,Uncategorized,,,no_contributor_data,FALSE,FALSE,FALSE,FALSE,CITIZENS FOR A BETTER EAST COUNTY,NA,FALSE,FALSE,FALSE,TRUE,FALSE,FALSE,unresolved,NA,5000,NA,NA,NA,NA,NA,0,0,0
1462036,,Coalition for Opportunity and Representation in Elections SOCAL PAC (CORE SOCAL PAC),https://cal-access.sos.ca.gov/Campaign/Committees/Detail.aspx?id=1462036,,,,Uncategorized,,,no_contributor_data,FALSE,FALSE,FALSE,FALSE,Coalition for Opportunity and Representation in Elections SOCAL PAC (CORE SOCAL PAC),NA,FALSE,FALSE,FALSE,TRUE,FALSE,FALSE,unresolved,NA,5000,NA,NA,NA,NA,NA,0,0,0
1310421,,"QUALITY HEALTH CARE FOR CALIFORNIANS, SPONSORED BY CALIFORNIA ASSOCIATION OF HOSPITALS AND HEALTH SYSTEMS",https://cal-access.sos.ca.gov/Campaign/Committees/Detail.aspx?id=1310421,,TRUE,,Associations,,,other,FALSE,FALSE,FALSE,FALSE,"QUALITY HEALTH CARE FOR CALIFORNIANS, SPONSORED BY CALIFORNIA ASSOCIATION OF HOSPITALS AND HEALTH SYSTEMS | Quality Healthcare For Californians, sponsored by California Association of Hospitals and Health Systems",NA,FALSE,FALSE,FALSE,FALSE,TRUE,FALSE,resolved,2933650,500000,5.8673,0,0,2933650,1,2933650,2933394.455,0.9999128919
1425184,,Taylor Morrison Inc. Building Strong Business PAC,https://cal-access.sos.ca.gov/Campaign/Committees/Detail.aspx?id=1425184,,,,Uncategorized,,,no_over_5k_contributors,FALSE,FALSE,FALSE,FALSE,Taylor Morrison Inc. Building Strong Business PAC | TAYLOR MORRISON INC. BUILDING STRONG BUSINESS PAC,NA,FALSE,FALSE,FALSE,FALSE,TRUE,FALSE,resolved,192746.96,12500,15.4197568,192746.96,0,0,0,0,0,0
1374496,,Accountability and Safety Education Fund,https://cal-access.sos.ca.gov/Campaign/Committees/Detail.aspx?id=1374496,,,,Uncategorized,,,other,FALSE,FALSE,FALSE,FALSE,Accountability and Safety Education Fund,NA,FALSE,FALSE,FALSE,FALSE,TRUE,FALSE,resolved,99000,24000,4.125,0,0,99000,1,99000,98984.64272,0.999844876
1288619,,OCTax PAC,https://cal-access.sos.ca.gov/Campaign/Committees/Detail.aspx?id=1288619,,,,Uncategorized,,,other,FALSE,FALSE,FALSE,FALSE,"OC Tax PAC | OCTax PAC | OCTaxPAC | OCTaxPAC, Sponsored by the Orange County Taxpayers Association",NA,FALSE,FALSE,FALSE,FALSE,TRUE,FALSE,resolved,337500,142671.45,2.365574893,0,0,337500,1,337500,337395.2913,0.9996897519
1055675,,PACE of California School Employees Association - Issues,https://cal-access.sos.ca.gov/Campaign/Committees/Detail.aspx?id=1055675,,,TRUE,Unions,,,no_contributor_data,FALSE,FALSE,FALSE,FALSE,PACE of California School Employees Association - Issues,NA,FALSE,FALSE,FALSE,TRUE,FALSE,FALSE,unresolved,NA,2500,NA,NA,NA,NA,NA,0,0,0
1478147,,Magsig for State Senate 2026,https://cal-access.sos.ca.gov/Campaign/Committees/Detail.aspx?id=1478147,,,,Candidates/Political Parties,,,candidate_pac,FALSE,FALSE,FALSE,FALSE,Magsig for State Senate | Magsig for State Senate 2026 | MAGSIG FOR STATE SENATE 2026 | Nathan Magsig for Senate 2026,NA,FALSE,TRUE,FALSE,TRUE,FALSE,FALSE,candidate_pac,NA,NA,NA,NA,NA,NA,NA,0,0,0
1479788,,Soria for Senate 2026,https://cal-access.sos.ca.gov/Campaign/Committees/Detail.aspx?id=1479788,,,,Candidates/Political Parties,,,candidate_pac,FALSE,FALSE,FALSE,FALSE,Soria for Senate 2026 | Soria For Senate 2026,NA,FALSE,TRUE,FALSE,TRUE,FALSE,FALSE,candidate_pac,NA,NA,NA,NA,NA,NA,NA,0,0,0
1480140,,DANE WHITE FOR MAYOR 2026,https://cal-access.sos.ca.gov/Campaign/Committees/Detail.aspx?id=1480140,,,,Candidates/Political Parties,,,candidate_pac,FALSE,FALSE,FALSE,FALSE,DANE WHITE FOR MAYOR 2026,NA,FALSE,TRUE,FALSE,TRUE,FALSE,FALSE,candidate_pac,NA,NA,NA,NA,NA,NA,NA,0,0,0
1489489,,Rafael Mandelman for Assembly 2028,https://cal-access.sos.ca.gov/Campaign/Committees/Detail.aspx?id=1489489,,,,Candidates/Political Parties,,,candidate_pac,FALSE,FALSE,FALSE,FALSE,Rafael Mandelman for Assembly 2028 | Rafael Mandelman for State Assembly 2028,NA,FALSE,TRUE,FALSE,TRUE,FALSE,FALSE,candidate_pac,NA,NA,NA,NA,NA,NA,NA,0,0,0
NA,,"American Federation of State, County & Municipal Employees California People Issues PAC (ID #1254555)",,,,TRUE,Unions,,,no_id_pac,FALSE,NA,NA,TRUE,NA,NA,NA,FALSE,NA,NA,FALSE,NA,no_id,NA,NA,NA,NA,NA,NA,NA,NA,NA,0
NA,,Border Health Federal PAC,,,,,Uncategorized,,,federal_pac,TRUE,NA,NA,TRUE,NA,NA,NA,FALSE,NA,NA,FALSE,NA,no_id,NA,NA,NA,NA,NA,NA,NA,NA,NA,0
NA,,Elect Dems Now PAC,,,,,Uncategorized,,,federal_pac,TRUE,NA,NA,TRUE,NA,NA,NA,FALSE,NA,NA,FALSE,NA,no_id,NA,NA,NA,NA,NA,NA,NA,NA,NA,0
NA,,Professional Compounding Centers of America PAC,,,,,Uncategorized,,,federal_pac,TRUE,NA,NA,TRUE,NA,NA,NA,FALSE,NA,NA,FALSE,NA,no_id,NA,NA,NA,NA,NA,NA,NA,NA,NA,0
NA,,Grove Action Fund,,,,,Uncategorized,,major donor,no_id_pac,FALSE,FALSE,FALSE,FALSE,NA,NA,TRUE,FALSE,NA,NA,FALSE,FALSE,no_id,NA,NA,NA,NA,NA,NA,NA,0,0,0
NA,,Planned Parenthood of Orange and San Bernardino Counties' Community Action Fund,,,,,Uncategorized,,,no_id_pac,FALSE,FALSE,FALSE,FALSE,NA,NA,FALSE,FALSE,NA,NA,FALSE,FALSE,no_id,NA,NA,NA,NA,NA,NA,NA,0,0,0
NA,,Center for Biological Diversity Action Fund,,,,,Uncategorized,,major donor,no_id_pac,FALSE,FALSE,FALSE,FALSE,NA,NA,FALSE,FALSE,NA,NA,FALSE,FALSE,no_id,NA,NA,NA,NA,NA,NA,NA,0,0,0
NA,,Ken Calvert for Congress,,,,,Candidates/Political Parties,,,candidate_pac,FALSE,FALSE,FALSE,FALSE,NA,NA,FALSE,TRUE,NA,NA,FALSE,FALSE,no_id,NA,NA,NA,NA,NA,NA,NA,0,0,0
NA,,Service Employees International Union Committee of Interns and Resident Physicians,,,,TRUE,Unions,,,no_id_pac,FALSE,FALSE,FALSE,FALSE,NA,NA,FALSE,FALSE,NA,NA,FALSE,FALSE,no_id,NA,NA,NA,NA,NA,NA,NA,0,0,0