canonical_name,entity_name,Contributor.Employer,Contributor.Occupation,entity_group_id,subgroup_id,to_add_status,confirmed_link,flag,cluster_uuid,entity_status,zip,city,state,confirmed,n_contributions,total_amount,recipient,max_single_recipient
VALERIE MARTINEZ,"MARTINEZ, VALERIE",VMA Communications,Business Owner,igroup_11563,A,add to map,yes,,73d8b8fa-0027-4a8a-8fe6-642ff61937a7,new_entity,91711-1557 | 91711-4623,Claremont,CA,FALSE,2,10100,"BECERRA, XAVIER | Governor",16867
VALERIE MARTINEZ,"MARTINEZ-BENCOMO, VALERIE",VMA Communications,Business Owner,igroup_11563,A,add to map,yes,,73d8b8fa-0027-4a8a-8fe6-642ff61937a7,new_entity,91711-1557,Claremont,CA,FALSE,1,6767,"BECERRA, XAVIER | Governor",16867
JOHNNIE PRICE,"PRICE (RESTRICTED USE ACCOUNT), JOHNNIE",Price Farms,Rancher,igroup_117789,A,in existing map,yes,,8f71c20b-7f4f-4565-8bd8-c196570f50bb,adding_to_existing,93451,San Miguel,CA,TRUE,1,6200,1021721,16000
JOHNNIE PRICE,"PRICE, JOHNNIE",Price Farms,Rancher,igroup_117789,A,name is already canonical,yes,,8f71c20b-7f4f-4565-8bd8-c196570f50bb,adding_to_existing,93451,San Miguel,CA,FALSE,1,9800,1021721,16000
NA,"ADAMS, GREG",Kaiser Permanente,Executive,igroup_1268,A,,yes,another person with this name,21fa34d6-69e4-4bfa-bc32-5fedd551335f,new_entity,91001-1416,Altadena,CA,FALSE,1,20000,"BECERRA, XAVIER | Governor",59200
NA,"ADAMS, GREGORY",Kaiser Permanente,CEO,igroup_1268,A,,yes,another person with this name,21fa34d6-69e4-4bfa-bc32-5fedd551335f,new_entity,91001-2828,Altadena,CA,FALSE,1,20000,"BECERRA, XAVIER | Governor",59200
NA,"ADAMS, GREGORY",Kaiser Permanente,Executive,igroup_1268,A,,yes,another person with this name,21fa34d6-69e4-4bfa-bc32-5fedd551335f,new_entity,91001-1416,Altadena,CA,FALSE,1,19200,"BECERRA, XAVIER | Governor",59200
DEREK LEMKE-VON AMMON,"LEMKE-VON AMMON, DEREK",Not Employed,Retired,igroup_1270,A,add to map,yes,,05889a59-f405-4483-916f-b38144d48be7,new_entity,94562,Oakville,CA,FALSE,1,10000,"BECERRA, XAVIER | Governor",13000
DEREK LEMKE-VON AMMON,"LEMKEVONAMMON, DEREK",Not Employed,Not Employed,igroup_1270,A,add to map,yes,,05889a59-f405-4483-916f-b38144d48be7,new_entity,94562,Oakville,CA,FALSE,3,3000,"BECERRA, XAVIER | Governor",13000
NA,"WALKER, MARY",Walker Firm,Attorney,igroup_1272,A,,yes,another person with this name,b695a762-8c62-4fea-a021-e7f4d8cf3b88,new_entity,90274-1868,Palos Verdes Estates,CA,FALSE,1,5000,"BECERRA, XAVIER | Governor",17135.04
NA,"WALKER, MARY ANN",Walker Firm,Executive,igroup_1272,A,,yes,another person with this name,b695a762-8c62-4fea-a021-e7f4d8cf3b88,new_entity,90274-1868,Palos Verdes Estates,CA,FALSE,2,7135.04,"BECERRA, XAVIER | Governor",17135.04
NA,"WALKER, MARY ANN","Walker Firm, PC",Executive,igroup_1272,A,,yes,another person with this name,b695a762-8c62-4fea-a021-e7f4d8cf3b88,new_entity,90274-1868,Palos Verdes Estates,CA,FALSE,1,5000,"BECERRA, XAVIER | Governor",17135.04
NA,"POWELL-MILLAR, CHRISTINE",Retired,Retired,igroup_1318,A,name is already canonical,yes,,db73579c-9961-471c-ac76-bf238f4f8717,adding_to_existing,95630,Folsom,CA,FALSE,4,10000,"HILTON, STEVE | Governor",14000
CHRISTINE POWELL-MILLAR,"POWELL-MILLER, CHRISTINE",Retired,Retired,igroup_1318,A,in existing map,yes,,db73579c-9961-471c-ac76-bf238f4f8717,adding_to_existing,95630,Folsom,CA,TRUE,2,4000,"HILTON, STEVE | Governor",14000
RITA EMERSON,"EMERSON, RITA",Retired,Retired,igroup_14796,A,name is already canonical,yes,,0a73b836-8aa8-42b4-913e-076e5d42da92,new_entity,90024,Los Angeles CA,CA,FALSE,1,1000,"HILTON, STEVE | Governor",8500
RITA EMERSON,"EMERSON, RITA RAE",Retired,Retired,igroup_14796,A,add to map,yes,,0a73b836-8aa8-42b4-913e-076e5d42da92,new_entity,90024,Los Angeles,CA,FALSE,1,7500,"HILTON, STEVE | Governor",8500
RODRIGO DESCOTO,"D'ESCOTO, RODRIGO",Reflection Window and Wall,President,igroup_16483,A,,yes,,49ba3a1c-67b5-4c3a-a33b-3aaff36c8713,new_entity,60647-9350,Chicago,IL,FALSE,1,10000,"BECERRA, XAVIER | Governor",49000
RODRIGO DESCOTO,"DESCOTO, RODRIGO",Reflection Window,President,igroup_16483,A,name is already canonical,yes,,49ba3a1c-67b5-4c3a-a33b-3aaff36c8713,new_entity,60647-2000,Chicago,IL,FALSE,1,39000,"BECERRA, XAVIER | Governor",49000
SHAWN SHIRALIAN,"SHIRALIAN, SHAWB",Shawn Shiralian,Petroleum,igroup_18311,A,add to map,yes,,d49123f9-75e7-4009-a0b4-428b142e3ca1,new_entity,93711,Fresno,CA,FALSE,2,1066.02,"HILTON, STEVE | Governor",39266.02
SHAWN SHIRALIAN,"SHIRALIAN, SHAWN",Shiralian Enterprises Inc.,Owner,igroup_18311,A,name is already canonical,yes,,d49123f9-75e7-4009-a0b4-428b142e3ca1,new_entity,93711,Fresno,CA,FALSE,1,38200,"HILTON, STEVE | Governor",39266.02
NA,"RICHARD, MATTHEW",Sheet Metal Workers' Local Union No. 104,Building Trades Journeyperson,igroup_20492,A,name is already canonical,yes,,52eaaed2-9e2a-4491-91fa-3035b4f02380,adding_to_existing,95746,Granite Bay,CA,FALSE,5,2921.85,1039318,8697.61
MATTHEW RICHARD,"RICHARD, MATTHEW J.",Sheet Metal Workers' Local Union No. 104,B/T Journey,igroup_20492,A,in existing map,yes,,52eaaed2-9e2a-4491-91fa-3035b4f02380,adding_to_existing,95207 | 95746,Granite Bay | Stockton,CA,TRUE,8,5775.76,1039318,8697.61
NA,"URBINA, ANTHONY",Sheet Metal Workers' Local Union No. 104,B/T Journey,igroup_20725,A,name is already canonical,yes,,b040ebee-14ac-452f-9c62-f1c1f1b29b76,adding_to_existing,94044,Pacifica,CA,FALSE,8,6100.29,1039318,9022.14
ANTHONY URBINA,"URBINA, ANTHONY P.",Sheet Metal Workers' Local Union No. 104,Building Trades Journeyperson,igroup_20725,A,in existing map,yes,,b040ebee-14ac-452f-9c62-f1c1f1b29b76,adding_to_existing,94044,Pacifica,CA,TRUE,5,2921.85,1039318,9022.14
NA,"KING, JUSTIN",Law Offices of Justin H. King,Attorney,igroup_21176,A,,yes,another person with this name,8f4b047c-8863-4a44-a2bb-31706fec4b65,new_entity,91730,Rancho Cucamonga,CA,FALSE,7,4466.66,1021273,9433.32
NA,"KING, JUSTIN H.",Law Offices of Justin H. King,Attorney,igroup_21176,A,,yes,another person with this name,8f4b047c-8863-4a44-a2bb-31706fec4b65,new_entity,91730,Rancho Cucamonga,CA,FALSE,9,4966.66,1021273,9433.32
KEVIN KESTER,"KESTER (RESTRICTED USE ACCOUNT), KEVIN",Kester Ranch,Rancher,igroup_33877,A,in existing map,yes,,6e1ef32b-ba2e-48c5-9798-9503896f6940,adding_to_existing,93451,Parkfield,CA,TRUE,1,1700,1021721,11500
NA,"KESTER, KEVIN",Kester Ranch,Rancher,igroup_33877,A,name is already canonical,yes,,6e1ef32b-ba2e-48c5-9798-9503896f6940,adding_to_existing,93451,Parkfield,CA,FALSE,3,9800,1021721,11500
MITCH KAMIN,"KAMIN, MITCH",Not Employed,Not Employed,igroup_42113,A,name is already canonical,yes,,10b9a2a4-66fd-4c97-a311-f54bb1244523,new_entity,90004-1047,Los Angeles,CA,FALSE,1,2500,1479464,5000
MITCH KAMIN,"KAMIN, MITCHELL",Not Employed,Not Employed,igroup_42113,A,add to map,yes,,10b9a2a4-66fd-4c97-a311-f54bb1244523,new_entity,90004-1047,Los Angeles,CA,FALSE,1,2500,1479464,5000
RICHARD ROE,"ROE, RICHARD",Retired,Retired,igroup_445,A,name is already canonical,yes,,f5f8fa8c-8a32-43ac-b0e0-457792fd9dd6,new_entity,91423,Sherman Oaks,CA,FALSE,1,5000,"HILTON, STEVE | Governor",6570
RICHARD ROE,"ROE, RICHARD THORNEY WILLIAM",Retired,Retired,igroup_445,A,add to map,yes,,f5f8fa8c-8a32-43ac-b0e0-457792fd9dd6,new_entity,91423,Sherman Oaks,CA,FALSE,3,1570,"HILTON, STEVE | Governor",6570
ARTHUR CHOATE,"CHAOTE, ARTHUR",Retired,Retired,igroup_5708,A,in existing map,yes,,5d7211b9-1a89-4ed1-8733-847ffc20a497,adding_to_existing,33146,Coral Gables,FL,TRUE,1,1000,"HILTON, STEVE | Governor",6000
NA,"CHOATE, ARTHUR",Retired,Retired,igroup_5708,A,name is already canonical,yes,,5d7211b9-1a89-4ed1-8733-847ffc20a497,adding_to_existing,33146,Coral Gables,FL,FALSE,1,1000,"HILTON, STEVE | Governor",6000
NA,"CHOATE, ARTHUR",Self Employed - Arthur Choate,Investor,igroup_5708,A,name is already canonical,yes,,1070cb19-32c5-4357-b0e7-09791cb2b35c,adding_to_existing,33146,Coral Gables,FL,FALSE,2,4000,"HILTON, STEVE | Governor",6000
DONG KIM,"KIM, DONG",Starlight Industries LLC,CEO,igroup_572,A,name is already canonical,yes,,eb4bb602-fe33-4d08-8a48-c6c2aaa447a5,new_entity,90274,Palos Verdes Estates,CA,FALSE,1,10000,"HILTON, STEVE | Governor",46000
DONG KIM,"KIM, DONG",Starlight Industries LLC,Chief Executive Officer,igroup_572,A,name is already canonical,yes,,eb4bb602-fe33-4d08-8a48-c6c2aaa447a5,new_entity,90274,Palos Verdes Estates,CA,FALSE,1,5000,"HILTON, STEVE | Governor",46000
DONG KIM,"KIM, DONG",Starlight Industries LLC,President,igroup_572,A,name is already canonical,yes,,eb4bb602-fe33-4d08-8a48-c6c2aaa447a5,new_entity,90274,Palos Verdes Estates,CA,FALSE,3,16000,"HILTON, STEVE | Governor",46000
DONG KIM,"KIM, DONG KOO",Starlight Industries LLC,CEO,igroup_572,A,add to map,yes,,eb4bb602-fe33-4d08-8a48-c6c2aaa447a5,new_entity,90274,Palos Verdes Estates,CA,FALSE,2,15000,"HILTON, STEVE | Governor",46000
PHILIP C BLAIR,"BLAIR, PHILIP C.",Manpower of San Diego Franchise,Executive Officer,igroup_59886,A,add to map,yes,,c03e5c20-2c82-41ce-ae7a-86861c517691,new_entity,92014,Del Mar,CA,FALSE,1,9000,1280724,14000
PHILIP C BLAIR,"BLAIR, PHILLIP C.",Manpower of San Diego Franchise,Executive Officer,igroup_59886,A,add to map,yes,,c03e5c20-2c82-41ce-ae7a-86861c517691,new_entity,92014,Del Mar,CA,FALSE,1,5000,1280724,14000
WALTER VANSAUN,"VANSAUN, JR., WALTER",Retired,Retired,igroup_6331,A,add to map,yes,,675cb396-ebdb-49d3-ad0e-d1450759eba6,new_entity,90740,Seal Beach,CA,FALSE,4,1400,"HILTON, STEVE | Governor",5900
WALTER VANSAUN,"VANSAUN, WALTER",Retired,Retired,igroup_6331,A,add to map,yes,,675cb396-ebdb-49d3-ad0e-d1450759eba6,new_entity,90740,Seal Beach,CA,FALSE,1,4500,"HILTON, STEVE | Governor",5900
MERCEDES NAREZ,"NAREZ, DR. MERCEDES",Kaiser,Physician,igroup_7378,A,add to map,yes,,ff1fb518-adc4-44c8-b423-8d2d1bc8f822,new_entity,90068-1312,Los Angeles,CA,FALSE,2,350,"BECERRA, XAVIER | Governor",5925
MERCEDES NAREZ,"NAREZ, DR. MERCEDES",Kaiser Permanente,Physician,igroup_7378,A,repeat,yes,,ff1fb518-adc4-44c8-b423-8d2d1bc8f822,new_entity,90068-1312,Los Angeles,CA,FALSE,4,550,"BECERRA, XAVIER | Governor",5925
MERCEDES NAREZ,"NAREZ, MERCEDES",Kaiser,Physician,igroup_7378,A,name is already canonical,yes,,ff1fb518-adc4-44c8-b423-8d2d1bc8f822,new_entity,90068-1312,Los Angeles,CA,FALSE,1,25,"BECERRA, XAVIER | Governor",5925
MERCEDES NAREZ,"NAREZ, MERCEDES",Not Employed,Not Employed,igroup_7378,A,name is already canonical,yes,,19057321-a485-4b16-8873-a3cfdd615b65,new_entity,90068-1312,Los Angeles,CA,FALSE,1,5000,"BECERRA, XAVIER | Governor",5925
LEYDA BEQUER,"BEQUER, LEYDA",Retired,Retired,igroup_7556,A,name is already canonical,yes,,655afed8-12b5-4681-ac87-a5ac460dde1c,adding_to_existing,92887,Yorba Linda,CA,FALSE,2,7000,"HILTON, STEVE | Governor",8041.02
LEYDA BEQUER,"BEQUER, LEYDS",Retired,Retired,igroup_7556,A,in existing map,yes,,655afed8-12b5-4681-ac87-a5ac460dde1c,adding_to_existing,92887,Yorba Linda,CA,TRUE,1,1041.02,"HILTON, STEVE | Governor",8041.02
DAVID LAROSE,"LAROSE, DAVID",Carnegie Robotics,Chief Scientist,igroup_79966,A,name is already canonical,yes,,868d0e61-24a4-495f-b25c-8ea943aa1a35,new_entity,55405-2116,Minneapolis,MN,FALSE,2,4000,1380675,6100
DAVID LAROSE,"LAROSEE, DAVID",Carnegie Robotics LLC,Chief Scientist,igroup_79966,A,add to map,yes,,868d0e61-24a4-495f-b25c-8ea943aa1a35,new_entity,55405-2116,Minneapolis,MN,FALSE,1,2000,1380675,6100
DAVID LAROSE,"LAROSE, DAVID",Not Employed,Not Employed,igroup_79966,B,don't add,no,,3ce84049-07f1-4bbf-98a7-c4710184897e,new_entity,78006-5602,Boerne,TX,FALSE,1,100,1380675,6100
LAINE LANSING,"LANSING, LAINE",Lansing Companies,Real Estate,igroup_858,A,name is already canonical,yes,,4483e5c6-2f8b-4885-a5a4-7f06f79b0677,adding_to_existing,92075,Solana Beach,CA,FALSE,2,10000,"HILTON, STEVE | Governor",34500
LAINE LANSING,"LANSING, LAINEY",Lansing Companies,Real Estate,igroup_858,A,in existing map,yes,,4483e5c6-2f8b-4885-a5a4-7f06f79b0677,adding_to_existing,92075,Solana Beach,CA,TRUE,5,24500,"HILTON, STEVE | Governor",34500