contribution_id,contributor_name,corrected_id,fec_id,is_federal_pac,flag,notes,review_flag,recipient_committee_id,amount,start_date,proposed_id,recipient_committee,standardized_name,end_date,contributor_city,contributor_state,n_other_recipients,proposed_type,is_fed_pac
47e198c5,"American Federation of State, County and Municipal Employees (AFSCME) Local 127 (unitemized contributions to the PAC)",,,,intermediary/unitemized,,,1461314,1406.77,2025-01-24,NA,AFSCME Local 127 PAC,"AMERICAN FEDERATION OF STATE, COUNTY AND MUNICIPAL EMPLOYEES (AFSCME) LOCAL 127 (UNITEMIZED CONTRIBUTIONS TO THE PAC)",2025-01-24,San Diego,CA,1,NA,NA
03e6b570,"American Federation of State, County and Municipal Employees (AFSCME) Local 127 (unitemized contributions to the PAC)",,,,intermediary/unitemized,,,1461314,1419.52,2025-02-07,NA,AFSCME Local 127 PAC,"AMERICAN FEDERATION OF STATE, COUNTY AND MUNICIPAL EMPLOYEES (AFSCME) LOCAL 127 (UNITEMIZED CONTRIBUTIONS TO THE PAC)",2025-02-07,San Diego,CA,1,NA,NA
d9e8f39e,"American Federation of State, County and Municipal Employees (AFSCME) Local 127 (unitemized contributions to the PAC)",,,,intermediary/unitemized,,,1461314,5708.77,2025-04-04,NA,AFSCME Local 127 PAC,"AMERICAN FEDERATION OF STATE, COUNTY AND MUNICIPAL EMPLOYEES (AFSCME) LOCAL 127 (UNITEMIZED CONTRIBUTIONS TO THE PAC)",2025-04-04,San Diego,CA,1,NA,NA
fab60bc9,"American Federation of State, County and Municipal Employees (AFSCME) Local 127 (unitemized contributions to the PAC)",,,,intermediary/unitemized,,,1461314,7186.5,2025-06-30,NA,AFSCME Local 127 PAC,"AMERICAN FEDERATION OF STATE, COUNTY AND MUNICIPAL EMPLOYEES (AFSCME) LOCAL 127 (UNITEMIZED CONTRIBUTIONS TO THE PAC)",2025-06-30,San Diego,CA,1,NA,NA
79e338ad,"American Federation of State, County and Municipal Employees (AFSCME) Local 127 (unitemized contributions to the PAC)",,,,intermediary/unitemized,,,1461314,2874,2025-06-30,NA,AFSCME Local 127 PAC,"AMERICAN FEDERATION OF STATE, COUNTY AND MUNICIPAL EMPLOYEES (AFSCME) LOCAL 127 (UNITEMIZED CONTRIBUTIONS TO THE PAC)",2025-06-30,San Diego,CA,1,NA,NA
0e3cdb1d,"American Federation of State, County and Municipal Employees (AFSCME) Local 127 (unitemized contributions to the PAC)",,,,intermediary/unitemized,,,1461314,2862.75,2025-10-07,NA,AFSCME Local 127 PAC,"AMERICAN FEDERATION OF STATE, COUNTY AND MUNICIPAL EMPLOYEES (AFSCME) LOCAL 127 (UNITEMIZED CONTRIBUTIONS TO THE PAC)",2025-10-07,San Diego,CA,1,NA,NA
dfc83dd4,"American Federation of State, County and Municipal Employees (AFSCME) Local 127 (unitemized contributions to the PAC)",,,,intermediary/unitemized,,,1461314,2863.5,2025-10-30,NA,AFSCME Local 127 PAC,"AMERICAN FEDERATION OF STATE, COUNTY AND MUNICIPAL EMPLOYEES (AFSCME) LOCAL 127 (UNITEMIZED CONTRIBUTIONS TO THE PAC)",2025-10-30,San Diego,CA,1,NA,NA
10602a0a,"American Federation of State, County and Municipal Employees (AFSCME) Local 127 (unitemized contributions to the PAC)",,,,intermediary/unitemized,,,1461314,4330.5,2025-11-18,NA,AFSCME Local 127 PAC,"AMERICAN FEDERATION OF STATE, COUNTY AND MUNICIPAL EMPLOYEES (AFSCME) LOCAL 127 (UNITEMIZED CONTRIBUTIONS TO THE PAC)",2025-11-18,San Diego,CA,1,NA,NA
69666c5a,"American Federation of State, County and Municipal Employees (AFSCME) Local 127 (unitemized contributions to the PAC)",,,,intermediary/unitemized,,,1461314,2874,2025-12-18,NA,AFSCME Local 127 PAC,"AMERICAN FEDERATION OF STATE, COUNTY AND MUNICIPAL EMPLOYEES (AFSCME) LOCAL 127 (UNITEMIZED CONTRIBUTIONS TO THE PAC)",2025-12-18,San Diego,CA,1,NA,NA
02fbad82,"American Federation of State, County and Municipal Employees (AFSCME) Local 127 (unitemized contributions to the PAC)",,,,intermediary/unitemized,,,1461314,4269.52,2026-01-29,NA,AFSCME Local 127 PAC,"AMERICAN FEDERATION OF STATE, COUNTY AND MUNICIPAL EMPLOYEES (AFSCME) LOCAL 127 (UNITEMIZED CONTRIBUTIONS TO THE PAC)",2026-01-29,San Diego,CA,1,NA,NA
9de808e6,"American Federation of State, County and Municipal Employees (AFSCME) Local 127 (unitemized contributions to the PAC)",,,,intermediary/unitemized,,,1461314,5908.69,2026-03-16,NA,AFSCME Local 127 PAC,"AMERICAN FEDERATION OF STATE, COUNTY AND MUNICIPAL EMPLOYEES (AFSCME) LOCAL 127 (UNITEMIZED CONTRIBUTIONS TO THE PAC)",2026-03-16,San Diego,CA,1,NA,NA
847594b0,"American Federation of State, County and Municipal Employees (AFSCME) Local 127 (unitemized contributions to the PAC)",,,,intermediary/unitemized,,,1461314,4002,2026-04-14,NA,AFSCME Local 127 PAC,"AMERICAN FEDERATION OF STATE, COUNTY AND MUNICIPAL EMPLOYEES (AFSCME) LOCAL 127 (UNITEMIZED CONTRIBUTIONS TO THE PAC)",2026-04-14,San Diego,CA,1,NA,NA
6a71b89a,"American Federation of State, County and Municipal Employees (AFSCME) Local 127 (unitemized contributions to the PAC)",,,,intermediary/unitemized,,,1461314,4023,2026-05-29,NA,AFSCME Local 127 PAC,"AMERICAN FEDERATION OF STATE, COUNTY AND MUNICIPAL EMPLOYEES (AFSCME) LOCAL 127 (UNITEMIZED CONTRIBUTIONS TO THE PAC)",2026-05-29,San Diego,CA,1,NA,NA
3ad122bc,"American Federation of State, County and Municipal Employees (AFSCME) Local 127 (unitemized contributions to the PAC)",,,,intermediary/unitemized,,,1461314,3975,2026-06-30,NA,AFSCME Local 127 PAC,"AMERICAN FEDERATION OF STATE, COUNTY AND MUNICIPAL EMPLOYEES (AFSCME) LOCAL 127 (UNITEMIZED CONTRIBUTIONS TO THE PAC)",2026-06-30,San Diego,CA,1,NA,NA
70b82c89,American Society of Anesthesiologists PAC (ASA PAC) (FED PAC ID#C00255752),1469336,C00255752,TRUE,date doesn't match,,,1459007,5000,2025-06-30,NA,Anna Caballero for State Treasurer 2026,AMERICAN SOCIETY OF ANESTHESIOLOGISTS PAC (ASA PAC) (FED PAC IDNUMBERC00255752),2025-06-30,Schaumburg,IL,1,NA,NA
d558166a,Amgen Inc. State PAC,,,,not a pac,only has major donor id in cal-access: 494059; but major donor id shows it made this contribution so okay I guess?,,1069839,5000,2025-03-28,NA,Biocom California PAC,AMGEN INC STATE PAC,2025-03-28,Thousand Oaks,CA,1,NA,NA
9c76e347,Arrowhead Credit Union (Indep Expenditure Committee),,,,not a pac,,,1021268,20200,2025-04-18,NA,California Credit Union League Political Action Committee,ARROWHEAD CREDIT UNION (INDEP EXPENDITURE COMMITTEE),2025-04-18,San Bernardino,CA,1,NA,NA
2dcb822e,California Chiropractic Association PAC,742986,,,date doesn't match,confirmed transaction,,1380675,15000,2025-01-30,1018748,"Yes on 50, The Election Rigging Response Act, Governor Newsom?s Ballot Measure Committee",CALIFORNIA CHIROPRACTIC ASSOCIATION PAC,2025-01-30,Sacramento,CA,1,recipient_committee,NA
439acc76,California Credit Union League,,,,not a pac,,,1275549,9800,2025-02-14,1021268,Californians for Jobs and a Strong Economy,CALIFORNIA CREDIT UNION LEAGUE,2025-02-14,Ontario,CA,1,rc_needs_review,NA
4088c936,California Credit Union League,,,,not a pac,,,1275549,5200,2025-02-14,1021268,Californians for Jobs and a Strong Economy,CALIFORNIA CREDIT UNION LEAGUE,2025-02-14,Ontario,CA,1,rc_needs_review,NA
221de92f,California Credit Union League,,,,not a pac,,,1275549,-15000,2025-02-25,1021268,Californians for Jobs and a Strong Economy,CALIFORNIA CREDIT UNION LEAGUE,2025-02-25,Ontario,CA,1,rc_needs_review,NA
362c3ec5,California New Car Dealers Association Issues PAC,1256259,,,,,,1380675,30000,2025-06-16,1256259,"Yes on 50, The Election Rigging Response Act, Governor Newsom?s Ballot Measure Committee",CALIFORNIA NEW CAR DEALERS ASSOCIATION ISSUES PAC,2025-06-16,Sacramento,CA,1,recipient_committee,NA
063abd1a,California Westside Farmers Fed PAC,,C00079566,TRUE,in fec data only,giving to itself - is those one of those cases? ,YES,1022794,2500,2025-11-19,NA,California Westside Farms PAC (State),CALIFORNIA WESTSIDE FARMERS FED PAC,2025-11-19,Fresno,CA,1,NA,NA
53b9726e,California Westside Farmers Fed PAC,,C00079566,TRUE,in fec data only,,YES,1022794,2000,2026-04-23,NA,California Westside Farms PAC (State),CALIFORNIA WESTSIDE FARMERS FED PAC,2026-04-23,Fresno,CA,1,NA,NA
942f037b,California Westside Farmers Fed PAC,,C00079566,TRUE,in fec data only,,YES,1022794,10000,2026-04-30,NA,California Westside Farms PAC (State),CALIFORNIA WESTSIDE FARMERS FED PAC,2026-04-30,Fresno,CA,1,NA,NA
a84c1d11,CHC BOLD PAC,,C00365536,TRUE,in fec data only,,,1380675,5000,2025-09-25,NA,"Yes on 50, The Election Rigging Response Act, Governor Newsom?s Ballot Measure Committee",CHC BOLD PAC,2025-09-25,Washington,DC,1,NA,NA
1cf9c657,Committee of Interns and Residents SEIU Local 1957 Health Care Advocacy Fund,,,,out of state PAC,could classify as union,,1445325,10000,2025-08-29,NA,Service Employees International Union Committee of Interns and Resident Physicians PAC,COMMITTEE OF INTERNS AND RESIDENTS SEIU LOCAL 1957 HEALTH CARE ADVOCACY FUND,2025-08-29,Long Island City,NY,1,NA,NA
0ce2a499,Committee of Interns and Residents SEIU Local 1957 Health Care Advocacy Fund,,,,out of state PAC,could classify as union,,1445325,10000,2026-04-16,NA,Service Employees International Union Committee of Interns and Resident Physicians PAC,COMMITTEE OF INTERNS AND RESIDENTS SEIU LOCAL 1957 HEALTH CARE ADVOCACY FUND,2026-04-16,Long Island City,NY,1,NA,NA
1b52eeb8,COMMUNITY WATER CENTER ACTION FUND (NONPROFIT 501(C)(4),,,,,don't see this contribution in contributions made from the corresponding PAC or the corresponding major donor id which is odd,YES,1380675,36080,2025-10-14,1484052,"Yes on 50, The Election Rigging Response Act, Governor Newsom?s Ballot Measure Committee",COMMUNITY WATER CENTER ACTION FUND (NONPROFIT 501(C)(4),2025-10-14,Visalia,CA,1,recipient_committee,NA
65dd47f6,COMMUNITY WATER CENTER ACTION FUND (NONPROFIT 501(C)(4),,,,,don't see this contribution in contributions made from the corresponding PAC or the corresponding major donor id which is odd,YES,1380675,14470,2025-10-19,1484052,"Yes on 50, The Election Rigging Response Act, Governor Newsom?s Ballot Measure Committee",COMMUNITY WATER CENTER ACTION FUND (NONPROFIT 501(C)(4),2025-10-19,Visalia,CA,1,recipient_committee,NA
0bce3f82,CTIA -- The Wireless Association,,,,not a pac,same entity giving to its PAC - looks okay,,1266189,1520,2025-01-17,1266189,CTIA - The Wireless Association California Political Action Committee (CTIA CA PAC),CTIA -- THE WIRELESS ASSOCIATION,2025-01-17,Washington,DC,1,recipient_committee,NA
4.10E+82,CTIA -- The Wireless Association,,,,not a pac,same entity giving to its PAC - looks okay,,1266189,1020,2025-02-21,1266189,CTIA - The Wireless Association California Political Action Committee (CTIA CA PAC),CTIA -- THE WIRELESS ASSOCIATION,2025-02-21,Washington,DC,1,recipient_committee,NA
9a224c42,CTIA -- The Wireless Association,,,,not a pac,same entity giving to its PAC - looks okay,,1266189,1020,2025-03-21,1266189,CTIA - The Wireless Association California Political Action Committee (CTIA CA PAC),CTIA -- THE WIRELESS ASSOCIATION,2025-03-21,Washington,DC,1,recipient_committee,NA
aaff93a9,CTIA -- The Wireless Association,,,,not a pac,same entity giving to its PAC - looks okay,,1266189,1020,2025-04-25,1266189,CTIA - The Wireless Association California Political Action Committee (CTIA CA PAC),CTIA -- THE WIRELESS ASSOCIATION,2025-04-25,Washington,DC,1,recipient_committee,NA
d79a0f07,CTIA -- The Wireless Association,,,,not a pac,same entity giving to its PAC - looks okay,,1266189,1020,2025-05-16,1266189,CTIA - The Wireless Association California Political Action Committee (CTIA CA PAC),CTIA -- THE WIRELESS ASSOCIATION,2025-05-16,Washington,DC,1,recipient_committee,NA
a8af3f8b,CTIA -- The Wireless Association,,,,not a pac,same entity giving to its PAC - looks okay,,1266189,1020,2025-06-16,1266189,CTIA - The Wireless Association California Political Action Committee (CTIA CA PAC),CTIA -- THE WIRELESS ASSOCIATION,2025-06-16,Washington,DC,1,recipient_committee,NA
e62612f5,CTIA -- The Wireless Association,,,,not a pac,same entity giving to its PAC - looks okay,,1266189,1020,2025-07-18,1266189,CTIA - The Wireless Association California Political Action Committee (CTIA CA PAC),CTIA -- THE WIRELESS ASSOCIATION,2025-07-18,Washington,DC,1,recipient_committee,NA
82ebc009,CTIA -- The Wireless Association,,,,not a pac,same entity giving to its PAC - looks okay,,1266189,1020,2025-08-22,1266189,CTIA - The Wireless Association California Political Action Committee (CTIA CA PAC),CTIA -- THE WIRELESS ASSOCIATION,2025-08-22,Washington,DC,1,recipient_committee,NA
67a8179c,CTIA -- The Wireless Association,,,,not a pac,same entity giving to its PAC - looks okay,,1266189,1020,2025-09-16,1266189,CTIA - The Wireless Association California Political Action Committee (CTIA CA PAC),CTIA -- THE WIRELESS ASSOCIATION,2025-09-16,Washington,DC,1,recipient_committee,NA
abcd490f,CTIA -- The Wireless Association,,,,not a pac,same entity giving to its PAC - looks okay,,1266189,1020,2025-10-24,1266189,CTIA - The Wireless Association California Political Action Committee (CTIA CA PAC),CTIA -- THE WIRELESS ASSOCIATION,2025-10-24,Washington,DC,1,recipient_committee,NA
79c47c26,CTIA -- The Wireless Association,,,,not a pac,same entity giving to its PAC - looks okay,,1266189,1020,2025-11-21,1266189,CTIA - The Wireless Association California Political Action Committee (CTIA CA PAC),CTIA -- THE WIRELESS ASSOCIATION,2025-11-21,Washington,DC,1,recipient_committee,NA
564cdeca,CTIA -- The Wireless Association,,,,not a pac,same entity giving to its PAC - looks okay,,1266189,1020,2025-12-12,1266189,CTIA - The Wireless Association California Political Action Committee (CTIA CA PAC),CTIA -- THE WIRELESS ASSOCIATION,2025-12-12,Washington,DC,1,recipient_committee,NA
96583818,CTIA -- The Wireless Association,,,,not a pac,same entity giving to its PAC - looks okay,,1266189,1520,2026-01-16,1266189,CTIA - The Wireless Association California Political Action Committee (CTIA CA PAC),CTIA -- THE WIRELESS ASSOCIATION,2026-01-16,Washington,DC,1,recipient_committee,NA
bb6185bf,CTIA -- The Wireless Association,,,,not a pac,same entity giving to its PAC - looks okay,,1266189,1020,2026-02-20,1266189,CTIA - The Wireless Association California Political Action Committee (CTIA CA PAC),CTIA -- THE WIRELESS ASSOCIATION,2026-02-20,Washington,DC,1,recipient_committee,NA
34c24f77,CTIA -- The Wireless Association,,,,not a pac,same entity giving to its PAC - looks okay,,1266189,1020,2026-03-13,1266189,CTIA - The Wireless Association California Political Action Committee (CTIA CA PAC),CTIA -- THE WIRELESS ASSOCIATION,2026-03-13,Washington,DC,1,recipient_committee,NA
fb54afaf,CTIA -- The Wireless Association,,,,not a pac,same entity giving to its PAC - looks okay,,1266189,1020,2026-04-17,1266189,CTIA - The Wireless Association California Political Action Committee (CTIA CA PAC),CTIA -- THE WIRELESS ASSOCIATION,2026-04-17,Washington,DC,1,recipient_committee,NA
65b0179f,CTIA -- The Wireless Association,,,,not a pac,same entity giving to its PAC - looks okay,,1266189,8000,2026-04-24,1266189,CTIA - The Wireless Association California Political Action Committee (CTIA CA PAC),CTIA -- THE WIRELESS ASSOCIATION,2026-04-24,Washington,DC,1,recipient_committee,NA
d6c5595f,CTIA -- The Wireless Association,,,,not a pac,same entity giving to its PAC - looks okay,,1266189,1020,2026-05-15,1266189,CTIA - The Wireless Association California Political Action Committee (CTIA CA PAC),CTIA -- THE WIRELESS ASSOCIATION,2026-05-15,Washington,DC,1,recipient_committee,NA
2734f986,CTIA -- The Wireless Association,,,,not a pac,same entity giving to its PAC - looks okay,,1266189,1020,2026-06-22,1266189,CTIA - The Wireless Association California Political Action Committee (CTIA CA PAC),CTIA -- THE WIRELESS ASSOCIATION,2026-06-22,Washington,DC,1,recipient_committee,NA
af5bcc07,Defending Main Street - Federal PAC C00540203,,C00540203,TRUE,in fec data only,,,1030435,1000000,2025-10-21,NA,California Republican Party - State,DEFENDING MAIN STREET - FEDERAL PAC C00540203,2025-10-21,Washington,DC,1,NA,NA
dd4e4f34,Defending Main Street - Federal PAC C00540203,,C00540203,TRUE,in fec data only,,,1030435,250000,2025-10-30,NA,California Republican Party - State,DEFENDING MAIN STREET - FEDERAL PAC C00540203,2025-10-30,Washington,DC,1,NA,NA
2866579c,DentaQuest PAC TN-C,1408990,,,,there's also a federal PAC and cal-access shows non-state contributions; not sure what's happening here,YES,1380675,10000,2025-01-31,NA,"Yes on 50, The Election Rigging Response Act, Governor Newsom?s Ballot Measure Committee",DENTAQUEST PAC TN-C,2025-01-31,Wellesley,MA,1,NA,NA
679617eb,Drive Committee,880969,,TRUE,date doesn't match,date very different in cal-access as well (06/24); all contributions from federal DRIVE PAC,YES,1477312,1500,2025-08-22,NA,Mark Gonzalez for Assembly 2026,DRIVE COMMITTEE,2025-08-22,Washington,DC,1,NA,NA
515d5612,Drive Committee,880969,,TRUE,date doesn't match,date in cal-access is 10/30,YES,1477312,4400,2025-11-21,NA,Mark Gonzalez for Assembly 2026,DRIVE COMMITTEE,2025-11-21,Washington,DC,1,NA,NA
075db44e,Drive Committee,880969,,TRUE,,,YES,1477312,0,2025-12-18,NA,Mark Gonzalez for Assembly 2026,DRIVE COMMITTEE,2025-12-18,Washington,DC,1,NA,NA
1c672d47,EdVoice for the Kids PAC,1243091,,,,two contributions of this amount in cal-access; only see one in our data,,1380675,10000,2025-03-13,1243091,"Yes on 50, The Election Rigging Response Act, Governor Newsom?s Ballot Measure Committee",EDVOICE FOR THE KIDS PAC,2025-03-13,Sacramento,CA,1,recipient_committee,NA
25c7993b,GOVERN FOR CALIFORNIA,,,,not a pac,,,1450483,610.5,2025-01-31,1383984,GOVERN FOR CALIFORNIA ACTION COMMITTEE,GOVERN FOR CALIFORNIA,2025-01-31,SAN RAFAEL,CA,1,recipient_committee,NA
5c0734d4,GOVERN FOR CALIFORNIA,,,,not a pac,,,1450483,1500,2025-02-28,1383984,GOVERN FOR CALIFORNIA ACTION COMMITTEE,GOVERN FOR CALIFORNIA,2025-02-28,SAN RAFAEL,CA,1,recipient_committee,NA
35553025,GOVERN FOR CALIFORNIA,,,,not a pac,,,1450483,1500,2025-03-31,1383984,GOVERN FOR CALIFORNIA ACTION COMMITTEE,GOVERN FOR CALIFORNIA,2025-03-31,SAN RAFAEL,CA,1,recipient_committee,NA
a834be21,GOVERN FOR CALIFORNIA,,,,not a pac,,,1450483,1505.74,2025-04-30,1383984,GOVERN FOR CALIFORNIA ACTION COMMITTEE,GOVERN FOR CALIFORNIA,2025-04-30,SAN RAFAEL,CA,1,recipient_committee,NA
d4890bfc,GOVERN FOR CALIFORNIA,,,,not a pac,,,1450483,1500,2025-05-31,1383984,GOVERN FOR CALIFORNIA ACTION COMMITTEE,GOVERN FOR CALIFORNIA,2025-05-31,SAN RAFAEL,CA,1,recipient_committee,NA
a136c1a0,GOVERN FOR CALIFORNIA,,,,not a pac,,,1450483,1500,2025-06-30,1383984,GOVERN FOR CALIFORNIA ACTION COMMITTEE,GOVERN FOR CALIFORNIA,2025-06-30,SAN RAFAEL,CA,1,recipient_committee,NA
4ed34971,GOVERN FOR CALIFORNIA,,,,not a pac,,,1450483,0,2025-07-31,1383984,GOVERN FOR CALIFORNIA ACTION COMMITTEE,GOVERN FOR CALIFORNIA,2025-07-31,SAN RAFAEL,CA,1,recipient_committee,NA
c1a99e18,GOVERN FOR CALIFORNIA,,,,not a pac,,,1450483,0,2025-08-31,1383984,GOVERN FOR CALIFORNIA ACTION COMMITTEE,GOVERN FOR CALIFORNIA,2025-08-31,SAN RAFAEL,CA,1,recipient_committee,NA
c9e976be,GOVERN FOR CALIFORNIA,,,,not a pac,,,1450483,0,2025-09-30,1383984,GOVERN FOR CALIFORNIA ACTION COMMITTEE,GOVERN FOR CALIFORNIA,2025-09-30,SAN RAFAEL,CA,1,recipient_committee,NA
ac1a9545,GOVERN FOR CALIFORNIA,,,,not a pac,,,1450483,0,2025-10-31,1383984,GOVERN FOR CALIFORNIA ACTION COMMITTEE,GOVERN FOR CALIFORNIA,2025-10-31,SAN RAFAEL,CA,1,recipient_committee,NA
88d1829b,GOVERN FOR CALIFORNIA,,,,not a pac,,,1450483,0,2025-11-30,1383984,GOVERN FOR CALIFORNIA ACTION COMMITTEE,GOVERN FOR CALIFORNIA,2025-11-30,SAN RAFAEL,CA,1,recipient_committee,NA
61ad02d5,GOVERN FOR CALIFORNIA,,,,not a pac,,,1450483,0,2025-12-31,1383984,GOVERN FOR CALIFORNIA ACTION COMMITTEE,GOVERN FOR CALIFORNIA,2025-12-31,SAN RAFAEL,CA,1,recipient_committee,NA
1e65f518,GOVERN FOR CALIFORNIA,,,,not a pac,,,1450483,0,2026-01-31,1383984,GOVERN FOR CALIFORNIA ACTION COMMITTEE,GOVERN FOR CALIFORNIA,2026-01-31,SAN RAFAEL,CA,1,recipient_committee,NA
1a7ce66a,GOVERN FOR CALIFORNIA,,,,not a pac,,,1450483,0,2026-02-28,1383984,GOVERN FOR CALIFORNIA ACTION COMMITTEE,GOVERN FOR CALIFORNIA,2026-02-28,SAN RAFAEL,CA,1,recipient_committee,NA
b4687a95,GOVERN FOR CALIFORNIA,,,,not a pac,,,1450483,0,2026-03-31,1383984,GOVERN FOR CALIFORNIA ACTION COMMITTEE,GOVERN FOR CALIFORNIA,2026-03-31,SAN RAFAEL,CA,1,recipient_committee,NA
30184883,GOVERN FOR CALIFORNIA,,,,not a pac,,,1450483,0,2026-04-30,1383984,GOVERN FOR CALIFORNIA ACTION COMMITTEE,GOVERN FOR CALIFORNIA,2026-04-30,SAN RAFAEL,CA,1,recipient_committee,NA
ed82059c,GOVERN FOR CALIFORNIA,,,,not a pac,,,1450483,0,2026-05-31,1383984,GOVERN FOR CALIFORNIA ACTION COMMITTEE,GOVERN FOR CALIFORNIA,2026-05-31,SAN RAFAEL,CA,1,recipient_committee,NA
0c767504,GOVERN FOR CALIFORNIA,,,,not a pac,,,1450483,0,2026-06-30,1383984,GOVERN FOR CALIFORNIA ACTION COMMITTEE,GOVERN FOR CALIFORNIA,2026-06-30,SAN RAFAEL,CA,1,recipient_committee,NA
13d8fff6,"HDR Engineering, Inc. Employee Owners PAC",,,,can't find transaction,"major donor id = 498046, but don't see this contribution associated with that ID",YES,1025266,6270,2025-02-24,NA,California American Council of Engineering Companies Political Action Committee (CA ACEC PAC),"HDR ENGINEERING, INC EMPLOYEE OWNERS PAC",2025-02-24,Omaha,NE,1,NA,NA
1eaefdad,"HDR Engineering, Inc. Employee Owners PAC",,,,can't find transaction,"major donor id = 498046, but don't see this contribution associated with that ID",YES,1025266,6426,2026-01-14,NA,California American Council of Engineering Companies Political Action Committee (CA ACEC PAC),"HDR ENGINEERING, INC EMPLOYEE OWNERS PAC",2026-01-14,Omaha,NE,1,NA,NA
7eb98f6a,IBEW PAC Educational Fund,,,C90022351,can't find transaction,"could be this id, amounts are the same, but dates are different",YES,1477447,2900,2026-05-07,NA,Mike Fong For Assembly 2026,IBEW PAC EDUCATIONAL FUND,2026-05-07,Washington,DC,1,NA,NA
359e91f5,IBEW PAC Educational Fund,,,C90022351,can't find transaction,"could be this id, amounts are the same, but dates are different",YES,1477447,3000,2026-05-30,NA,Mike Fong For Assembly 2026,IBEW PAC EDUCATIONAL FUND,2026-05-30,Washington,DC,1,NA,NA
37bcef55,Intermediary for contributions less than $100:  DRIVE Committee,,,,intermediary/unitemized,,,1406838,8781.5,2025-04-02,NA,Teamsters Local Union 350 PAC,INTERMEDIARY FOR CONTRIBUTIONS LESS THAN $100: DRIVE COMMITTEE,2025-04-02,Washington,DC,1,NA,NA
d21343c9,Intermediary for contributions less than $100:  DRIVE Committee,,,,intermediary/unitemized,,,1406838,19229.25,2025-05-19,NA,Teamsters Local Union 350 PAC,INTERMEDIARY FOR CONTRIBUTIONS LESS THAN $100: DRIVE COMMITTEE,2025-05-19,Washington,DC,1,NA,NA
b518456b,Intermediary for contributions less than $100:  DRIVE Committee,,,,intermediary/unitemized,,,1406838,8688.25,2025-07-16,NA,Teamsters Local Union 350 PAC,INTERMEDIARY FOR CONTRIBUTIONS LESS THAN $100: DRIVE COMMITTEE,2025-07-16,Washington,DC,1,NA,NA
3b8eb2fb,Intermediary for contributions less than $100:  DRIVE Committee,,,,intermediary/unitemized,,,1406838,11076.25,2025-10-15,NA,Teamsters Local Union 350 PAC,INTERMEDIARY FOR CONTRIBUTIONS LESS THAN $100: DRIVE COMMITTEE,2025-10-15,Washington,DC,1,NA,NA
7adbc1f5,Intermediary for contributions less than $100:  DRIVE Committee,,,,intermediary/unitemized,,,1406838,10506.25,2026-03-18,NA,Teamsters Local Union 350 PAC,INTERMEDIARY FOR CONTRIBUTIONS LESS THAN $100: DRIVE COMMITTEE,2026-03-18,Washington,DC,1,NA,NA
5df0c3e5,Intermediary for contributions less than $100:  DRIVE Committee,,,,intermediary/unitemized,,,1406838,8624.5,2026-05-20,NA,Teamsters Local Union 350 PAC,INTERMEDIARY FOR CONTRIBUTIONS LESS THAN $100: DRIVE COMMITTEE,2026-05-20,Washington,DC,1,NA,NA
5c9a58b2,International Union of Painters & Allied Trades Legislative Educational Committee (MPO),,,,self contribution,can't find in cal-access; C90013582? but FEC says this isn't a committee - its an IE filer,YES,1414164,253396.55,2025-01-01,1414164,International Union of Painters & Allied Trades Legislative Educational Committee (MPO),INTERNATIONAL UNION OF PAINTERS AND ALLIED TRADES LEGISLATIVE EDUCATIONAL COMMITTEE (MPO),2025-01-01,Hanover,MD,1,recipient_committee,NA
8e267eca,International Union of Painters & Allied Trades Legislative Educational Committee (MPO),,,,self contribution,can't find in cal-access; C90013582? but FEC says this isn't a committee - its an IE filer,YES,1414164,93640.48,2025-07-01,1414164,International Union of Painters & Allied Trades Legislative Educational Committee (MPO),INTERNATIONAL UNION OF PAINTERS AND ALLIED TRADES LEGISLATIVE EDUCATIONAL COMMITTEE (MPO),2025-07-01,Hanover,MD,1,recipient_committee,NA
ee9c36c7,International Union of Painters & Allied Trades Legislative Educational Committee (MPO),,,,self contribution,can't find in cal-access; C90013582? but FEC says this isn't a committee - its an IE filer,YES,1414164,511063.55,2025-10-01,1414164,International Union of Painters & Allied Trades Legislative Educational Committee (MPO),INTERNATIONAL UNION OF PAINTERS AND ALLIED TRADES LEGISLATIVE EDUCATIONAL COMMITTEE (MPO),2025-10-01,Hanover,MD,1,recipient_committee,NA
ca6be180,International Union of Painters & Allied Trades Legislative Educational Committee (MPO),,,,self contribution,can't find in cal-access; C90013582? but FEC says this isn't a committee - its an IE filer,YES,1414164,363423.39,2026-01-01,1414164,International Union of Painters & Allied Trades Legislative Educational Committee (MPO),INTERNATIONAL UNION OF PAINTERS AND ALLIED TRADES LEGISLATIVE EDUCATIONAL COMMITTEE (MPO),2026-01-01,Hanover,MD,1,recipient_committee,NA
2729cdf5,International Union of Painters & Allied Trades Legislative Educational Committee (MPO),,,,self contribution,can't find in cal-access; C90013582? but FEC says this isn't a committee - its an IE filer,YES,1414164,919029.99,2026-04-19,1414164,International Union of Painters & Allied Trades Legislative Educational Committee (MPO),INTERNATIONAL UNION OF PAINTERS AND ALLIED TRADES LEGISLATIVE EDUCATIONAL COMMITTEE (MPO),2026-04-19,Hanover,MD,1,recipient_committee,NA
2649b3e9,International Union of Painters & Allied Trades Legislative Educational Committee (MPO),,,,self contribution,can't find in cal-access; C90013582? but FEC says this isn't a committee - its an IE filer,YES,1414164,697208.49,2026-05-17,1414164,International Union of Painters & Allied Trades Legislative Educational Committee (MPO),INTERNATIONAL UNION OF PAINTERS AND ALLIED TRADES LEGISLATIVE EDUCATIONAL COMMITTEE (MPO),2026-05-17,Hanover,MD,1,recipient_committee,NA
ac25c135,Irwin for Lieutenant Governor 2030,1478936,,,can't find transaction,will be classified as a candidate committee regardless,YES,1380675,5000,2025-10-01,1478936,"Yes on 50, The Election Rigging Response Act, Governor Newsom?s Ballot Measure Committee",IRWIN FOR LIEUTENANT GOVERNOR 2030,2025-10-01,Sacramento,CA,1,recipient_committee,NA
fcba8e70,Irwin for Lieutenant Governor 2030,1478936,,,can't find transaction,will be classified as a candidate committee regardless,YES,1380675,5000,2025-10-28,1478936,"Yes on 50, The Election Rigging Response Act, Governor Newsom?s Ballot Measure Committee",IRWIN FOR LIEUTENANT GOVERNOR 2030,2025-10-28,Sacramento,CA,1,recipient_committee,NA
b046500c,Jessica Morse for Congress (FEC ID#C00650408),,C00650408,TRUE,in fec data only,,,1018766,5000,2026-06-17,NA,Elect Climate Champions Fund sponsored by California Environmental Voters,JESSICA MORSE FOR CONGRESS (FEC IDNUMBERC00650408),2026-06-17,Sacramento,CA,1,NA,NA
10f8971d,Johnson and Johnson Corporate Political Fund,,,,not a pac,,,1272633,5000,2025-12-19,NA,California Life Sciences Political Action Committee,JOHNSON AND JOHNSON CORPORATE POLITICAL FUND,2025-12-19,Washington,DC,1,NA,NA
058ae948,LGBT Caucus Leadership Fund,1339123,,,,,,1477312,5900,2025-06-30,1339123,Mark Gonzalez for Assembly 2026,LGBT CAUCUS LEADERSHIP FUND,2025-06-30,Sacramento,CA,1,recipient_committee,NA
058ae948,LGBT Caucus Leadership Fund,1339123,,,,,,1477312,5900,2025-06-30,1339123,Mark Gonzalez for Assembly 2026,LGBT CAUCUS LEADERSHIP FUND,2025-06-30,Sacramento,CA,1,recipient_committee,NA
b1dd32c2,LKQ Corporation Employee Good Government Fund,1385462,C00458158,TRUE,date doesn't match,date is like 10 days apart,,1477312,5000,2025-10-09,1385462,Mark Gonzalez for Assembly 2026,LKQ CORPORATION EMPLOYEE GOOD GOVERNMENT FUND,2025-10-09,Washington,DC,1,recipient_committee,NA
fda55d8f,Los Angeles County Reporters PAC aka PARLAC,782349,,,,,,1477447,5000,2026-06-05,1025467,Mike Fong For Assembly 2026,LOS ANGELES COUNTY REPORTERS PAC AKA PARLAC,2026-06-05,Los Angeles,CA,1,recipient_committee,NA
8149df10,Movement Voter PAC,1484678,C00728360,,,,,1484678,6596227.11,2025-10-28,NA,MOVEMENT VOTER PAC (FEC PAC ID C00728360) SUPPORTING PROP 50,MOVEMENT VOTER PAC,2025-10-28,Northampton,MA,1,NA,NA
da5ef78e,NPH Action Fund,,,,not a pac,"has a contributor id, but don't see these association with it. Think its not a PAC though",YES,1387772,821.05,2025-01-13,1387772,NPH Action Fund Political Issues Committee,NPH ACTION FUND,2025-01-13,Sacramento,CA,1,rc_needs_review,NA
3a538183,NPH Action Fund,,,,not a pac,"has a contributor id, but don't see these association with it",YES,1387772,693.56,2025-02-25,1387772,NPH Action Fund Political Issues Committee,NPH ACTION FUND,2025-02-25,Sacramento,CA,1,rc_needs_review,NA
4f9908ec,NPH Action Fund,,,,not a pac,"has a contributor id, but don't see these association with it",YES,1387772,1009.3,2025-03-05,1387772,NPH Action Fund Political Issues Committee,NPH ACTION FUND,2025-03-05,Sacramento,CA,1,rc_needs_review,NA
be6ea791,NPH Action Fund,,,,not a pac,"has a contributor id, but don't see these association with it",YES,1387772,538.39,2025-03-18,1387772,NPH Action Fund Political Issues Committee,NPH ACTION FUND,2025-03-18,Sacramento,CA,1,rc_needs_review,NA
9075d058,NPH Action Fund,,,,not a pac,"has a contributor id, but don't see these association with it",YES,1387772,760.4,2025-04-08,1387772,NPH Action Fund Political Issues Committee,NPH ACTION FUND,2025-04-08,Sacramento,CA,1,rc_needs_review,NA
376afba9,NPH Action Fund,,,,not a pac,"has a contributor id, but don't see these association with it",YES,1387772,541.23,2025-05-07,1387772,NPH Action Fund Political Issues Committee,NPH ACTION FUND,2025-05-07,Sacramento,CA,1,rc_needs_review,NA
6ed545cd,NPH Action Fund,,,,not a pac,"has a contributor id, but don't see these association with it",YES,1387772,536.44,2025-06-10,1387772,NPH Action Fund Political Issues Committee,NPH ACTION FUND,2025-06-10,Sacramento,CA,1,rc_needs_review,NA
998336a1,NPH Action Fund,,,,not a pac,"has a contributor id, but don't see these association with it",YES,1387772,766.7,2025-07-21,1387772,NPH Action Fund Political Issues Committee,NPH ACTION FUND,2025-07-21,Sacramento,CA,1,rc_needs_review,NA
e739fa61,NPH Action Fund,,,,not a pac,"has a contributor id, but don't see these association with it",YES,1387772,544.09,2025-08-04,1387772,NPH Action Fund Political Issues Committee,NPH ACTION FUND,2025-08-04,Sacramento,CA,1,rc_needs_review,NA
ad90397d,NPH Action Fund,,,,not a pac,"has a contributor id, but don't see these association with it",YES,1387772,571.79,2025-09-11,1387772,NPH Action Fund Political Issues Committee,NPH ACTION FUND,2025-09-11,Sacramento,CA,1,rc_needs_review,NA
52ce6407,NPH Action Fund,,,,not a pac,"has a contributor id, but don't see these association with it",YES,1387772,770,2025-10-08,1387772,NPH Action Fund Political Issues Committee,NPH ACTION FUND,2025-10-08,Sacramento,CA,1,rc_needs_review,NA
f4536a23,NPH Action Fund,,,,not a pac,"has a contributor id, but don't see these association with it",YES,1387772,558.95,2025-11-10,1387772,NPH Action Fund Political Issues Committee,NPH ACTION FUND,2025-11-10,Sacramento,CA,1,rc_needs_review,NA
9d111de1,NPH Action Fund,,,,not a pac,"has a contributor id, but don't see these association with it",YES,1387772,543.39,2025-12-11,1387772,NPH Action Fund Political Issues Committee,NPH ACTION FUND,2025-12-11,Sacramento,CA,1,rc_needs_review,NA
c3588627,NPH Action Fund,,,,not a pac,"has a contributor id, but don't see these association with it",YES,1387772,879.48,2026-01-13,1387772,NPH Action Fund Political Issues Committee,NPH ACTION FUND,2026-01-13,Sacramento,CA,1,rc_needs_review,NA
d9928c00,NPH Action Fund,,,,not a pac,"has a contributor id, but don't see these association with it",YES,1387772,562.63,2026-02-04,1387772,NPH Action Fund Political Issues Committee,NPH ACTION FUND,2026-02-04,Sacramento,CA,1,rc_needs_review,NA
e26d2725,NPH Action Fund,,,,not a pac,"has a contributor id, but don't see these association with it",YES,1387772,552.96,2026-03-11,1387772,NPH Action Fund Political Issues Committee,NPH ACTION FUND,2026-03-11,Sacramento,CA,1,rc_needs_review,NA
97d8eba3,NPH Action Fund,,,,not a pac,"has a contributor id, but don't see these association with it",YES,1387772,762.8,2026-04-08,1387772,NPH Action Fund Political Issues Committee,NPH ACTION FUND,2026-04-08,Sacramento,CA,1,rc_needs_review,NA
951d9aa8,NPH Action Fund,,,,not a pac,"has a contributor id, but don't see these association with it",YES,1387772,564.43,2026-05-07,1387772,NPH Action Fund Political Issues Committee,NPH ACTION FUND,2026-05-07,Sacramento,CA,1,rc_needs_review,NA
64b0ef2b,NPH Action Fund,,,,not a pac,"has a contributor id, but don't see these association with it",YES,1387772,611.73,2026-06-01,1387772,NPH Action Fund Political Issues Committee,NPH ACTION FUND,2026-06-01,Sacramento,CA,1,rc_needs_review,NA
ca53c082,Oklahoma Victory Committee,,C00879072,TRUE,in fec data only,,,1408990,10000,2025-05-09,NA,DENTAQUEST PAC-TN-C 'TN PAC',OKLAHOMA VICTORY COMMITTEE,2025-05-09,Oklahoma City,OK,1,NA,NA
0598f7f3,"PACE of California School Employees Association Local, State, Federal Candidates",1325942,C00480830,TRUE,date doesn't match,"there's a record for a contribution made on 05/04/2026, but most of their contributions are $1500",,1477312,1500,2026-05-15,1325942,Mark Gonzalez for Assembly 2026,"PACE OF CALIFORNIA SCHOOL EMPLOYEES ASSOCIATION LOCAL, STATE, FEDERAL CANDIDATES",2026-05-15,Sacramento,CA,1,recipient_committee,NA
7a76c968,Protecting Americans Challenging Oppression (PACO PAC),,C00723577,TRUE,in fec data only,,,1018460,5000,2026-05-06,NA,San Diego County Democratic Party,PROTECTING AMERICANS CHALLENGING OPPRESSION (PACO PAC),2026-05-06,Encinitas,CA,1,NA,NA
feb7566d,"Prudential Financial, Inc. State & Federal PAC",1364729,C00493304,TRUE,date doesn't match,"dates are pretty far apart, but see each of these contributions",,1021744,9800,2025-04-04,NA,Association of California Life & Health Insurance Companies PAC (ACLHIC PAC),"PRUDENTIAL FINANCIAL, INC STATE AND FEDERAL PAC",2025-04-04,Newark,NJ,2,NA,NA
726d2da0,"Prudential Financial, Inc. State & Federal PAC",1364729,C00493304,TRUE,date doesn't match,"dates are pretty far apart, but see each of these contributions",,1021744,9800,2026-04-02,NA,Association of California Life & Health Insurance Companies PAC (ACLHIC PAC),"PRUDENTIAL FINANCIAL, INC STATE AND FEDERAL PAC",2026-04-02,Newark,NJ,2,NA,NA
7a1333ba,"Prudential Financial, Inc. State & Federal PAC",1364729,C00493304,TRUE,date doesn't match,"dates are pretty far apart, but see each of these contributions",,1252378,5000,2025-03-19,NA,Association of California Life & Health Insurance Companies Issues Committee,"PRUDENTIAL FINANCIAL, INC STATE AND FEDERAL PAC",2025-03-19,Newark,NJ,2,NA,NA
c13fb6bf,"Prudential Financial, Inc. State & Federal PAC",1364729,C00493304,TRUE,date doesn't match,"dates are pretty far apart, but see each of these contributions",,1252378,200,2025-04-04,NA,Association of California Life & Health Insurance Companies Issues Committee,"PRUDENTIAL FINANCIAL, INC STATE AND FEDERAL PAC",2025-04-04,Newark,NJ,2,NA,NA
92687636,"Prudential Financial, Inc. State & Federal PAC",1364729,C00493304,TRUE,date doesn't match,"dates are pretty far apart, but see each of these contributions",,1252378,5000,2026-04-02,NA,Association of California Life & Health Insurance Companies Issues Committee,"PRUDENTIAL FINANCIAL, INC STATE AND FEDERAL PAC",2026-04-02,Newark,NJ,2,NA,NA
7d6d3b8e,RUBIO FIGHTING FOR CALIFORNIA BALLOT MEASURE COMMITTEE,1419371,,,date doesn't match,6 days apart,,1380675,25000,2025-10-13,1419371,"Yes on 50, The Election Rigging Response Act, Governor Newsom?s Ballot Measure Committee",RUBIO FIGHTING FOR CALIFORNIA BALLOT MEASURE COMMITTEE,2025-10-13,Sacramento,CA,1,recipient_committee,NA
ef5d407a,Ryan LLC Political Action Committee (Ryan PAC),,C00574921,TRUE,can't find transaction,Think this could have come from the major donor 1390577 (Ryan LLC) - but will be treated the same way regardless,,1457818,5000,2025-12-09,NA,Tony Vazquez for State Treasurer 2026,RYAN LLC POLITICAL ACTION COMMITTEE (RYAN PAC),2025-12-09,Dallas,TX,1,NA,NA
2471263f,Sacramento County Deputy Sheriffs' Association,,,,not a pac,,,1451423,7500,2025-06-02,1024768,"California Dream for All, Robert Rivas Ballot Measure Committee",SACRAMENTO COUNTY DEPUTY SHERIFFS ASSOCIATION,2025-06-02,Sacramento,CA,1,recipient_committee,NA
1a4fd535,"Sammons Enterprises, Inc. Political Action Committee",,C00388777,TRUE,in fec data only,,,1021744,5000,2026-02-19,NA,Association of California Life & Health Insurance Companies PAC (ACLHIC PAC),"SAMMONS ENTERPRISES, INC POLITICAL ACTION COMMITTEE",2026-02-19,Dallas,TX,1,NA,NA
2939138c,San Bernardino County Probation Officers Association,,,,not a pac,,,1343845,128.52,2025-01-21,1343845,San Bernardino County Probation Officers Association Political Action Committee,SAN BERNARDINO COUNTY PROBATION OFFICERS ASSOCIATION,2025-01-21,San Bernardino,CA,1,recipient_committee,NA
7b16305a,San Bernardino County Probation Officers Association,,,,not a pac,,,1343845,615.18,2025-01-21,1343845,San Bernardino County Probation Officers Association Political Action Committee,SAN BERNARDINO COUNTY PROBATION OFFICERS ASSOCIATION,2025-01-21,San Bernardino,CA,1,recipient_committee,NA
31f78f92,San Bernardino County Probation Officers Association,,,,not a pac,,,1343845,1404.15,2025-02-18,1343845,San Bernardino County Probation Officers Association Political Action Committee,SAN BERNARDINO COUNTY PROBATION OFFICERS ASSOCIATION,2025-02-18,San Bernardino,CA,1,recipient_committee,NA
40294085,San Bernardino County Probation Officers Association,,,,not a pac,,,1343845,249.9,2025-06-18,1343845,San Bernardino County Probation Officers Association Political Action Committee,SAN BERNARDINO COUNTY PROBATION OFFICERS ASSOCIATION,2025-06-18,San Bernardino,CA,1,recipient_committee,NA
98633d77,San Bernardino County Probation Officers Association,,,,not a pac,,,1343845,158.1,2025-07-14,1343845,San Bernardino County Probation Officers Association Political Action Committee,SAN BERNARDINO COUNTY PROBATION OFFICERS ASSOCIATION,2025-07-14,San Bernardino,CA,1,recipient_committee,NA
05eab05f,San Bernardino County Probation Officers Association,,,,not a pac,,,1343845,563.55,2025-08-14,1343845,San Bernardino County Probation Officers Association Political Action Committee,SAN BERNARDINO COUNTY PROBATION OFFICERS ASSOCIATION,2025-08-14,San Bernardino,CA,1,recipient_committee,NA
8c22e77e,San Bernardino County Probation Officers Association,,,,not a pac,,,1343845,158.1,2025-09-15,1343845,San Bernardino County Probation Officers Association Political Action Committee,SAN BERNARDINO COUNTY PROBATION OFFICERS ASSOCIATION,2025-09-15,San Bernardino,CA,1,recipient_committee,NA
c663621f,San Bernardino County Probation Officers Association,,,,not a pac,,,1343845,91.8,2025-10-07,1343845,San Bernardino County Probation Officers Association Political Action Committee,SAN BERNARDINO COUNTY PROBATION OFFICERS ASSOCIATION,2025-10-07,San Bernardino,CA,1,recipient_committee,NA
16e346b6,San Bernardino County Probation Officers Association,,,,not a pac,,,1343845,316.2,2025-12-16,1343845,San Bernardino County Probation Officers Association Political Action Committee,SAN BERNARDINO COUNTY PROBATION OFFICERS ASSOCIATION,2025-12-16,San Bernardino,CA,1,recipient_committee,NA
29bfca0b,San Bernardino County Probation Officers Association,,,,not a pac,,,1343845,473.4,2026-01-21,1343845,San Bernardino County Probation Officers Association Political Action Committee,SAN BERNARDINO COUNTY PROBATION OFFICERS ASSOCIATION,2026-01-21,San Bernardino,CA,1,recipient_committee,NA
b53ea8cd,San Bernardino County Probation Officers Association,,,,not a pac,,,1343845,609.45,2026-02-23,1343845,San Bernardino County Probation Officers Association Political Action Committee,SAN BERNARDINO COUNTY PROBATION OFFICERS ASSOCIATION,2026-02-23,San Bernardino,CA,1,recipient_committee,NA
216ad4a9,San Bernardino County Probation Officers Association,,,,not a pac,,,1343845,351.9,2026-03-11,1343845,San Bernardino County Probation Officers Association Political Action Committee,SAN BERNARDINO COUNTY PROBATION OFFICERS ASSOCIATION,2026-03-11,San Bernardino,CA,1,recipient_committee,NA
a9669f10,San Bernardino County Probation Officers Association,,,,not a pac,,,1343845,624.75,2026-05-19,1343845,San Bernardino County Probation Officers Association Political Action Committee,SAN BERNARDINO COUNTY PROBATION OFFICERS ASSOCIATION,2026-05-19,San Bernardino,CA,1,recipient_committee,NA
529ac06b,San Bernardino County Probation Officers Association,,,,not a pac,,,1343845,175.95,2026-06-15,1343845,San Bernardino County Probation Officers Association Political Action Committee,SAN BERNARDINO COUNTY PROBATION OFFICERS ASSOCIATION,2026-06-15,San Bernardino,CA,1,recipient_committee,NA
d6351d1a,San Bernardino County Probation Officers Association,,,,not a pac,,,1343845,127.5,2026-06-15,1343845,San Bernardino County Probation Officers Association Political Action Committee,SAN BERNARDINO COUNTY PROBATION OFFICERS ASSOCIATION,2026-06-15,San Bernardino,CA,1,recipient_committee,NA
1dc698bc,Sentry Insurance Company Federal Political Action Committee,,C00545194,TRUE,in fec data only,,,1035164,9100,2025-05-29,NA,American Property Casualty Insurance Association California Political Action Committee (MPO),SENTRY INSURANCE COMPANY FEDERAL POLITICAL ACTION COMMITTEE,2025-05-29,Madison,WI,1,NA,NA
a469236d,SERVICE EMPLOYEES INTERNATIONAL UNION LOCAL 1021 CANDIDATE PAC,,,,can't find transaction,will be categorized the same way no matter what,YES,1438874,25000,2026-04-28,1296948,California Working Families Party,SERVICE EMPLOYEES INTERNATIONAL UNION LOCAL 1021 CANDIDATE PAC,2026-04-28,Sacramento,CA,1,recipient_committee,NA
58ae6fb7,State Building & Construction Trades Council of California,,,,not a pac,,,1018846,2130.59,2025-02-04,1018846,State Building and Construction Trades Council of California PAC,STATE BUILDING AND CONSTRUCTION TRADES COUNCIL OF CALIFORNIA,2025-02-04,Sacramento,CA,2,recipient_committee,NA
da89d2be,State Building & Construction Trades Council of California,,,,not a pac,,,1018846,4583.29,2025-02-18,1018846,State Building and Construction Trades Council of California PAC,STATE BUILDING AND CONSTRUCTION TRADES COUNCIL OF CALIFORNIA,2025-02-18,Sacramento,CA,2,recipient_committee,NA
8c7e4c89,State Building & Construction Trades Council of California,,,,not a pac,,,1018846,1681.97,2025-04-17,1018846,State Building and Construction Trades Council of California PAC,STATE BUILDING AND CONSTRUCTION TRADES COUNCIL OF CALIFORNIA,2025-04-17,Sacramento,CA,2,recipient_committee,NA
1addb099,State Building & Construction Trades Council of California,,,,not a pac,,,1018846,2279,2025-05-09,1018846,State Building and Construction Trades Council of California PAC,STATE BUILDING AND CONSTRUCTION TRADES COUNCIL OF CALIFORNIA,2025-05-09,Sacramento,CA,2,recipient_committee,NA
6eeddc89,State Building & Construction Trades Council of California,,,,not a pac,,,1018846,2216.91,2025-06-12,1018846,State Building and Construction Trades Council of California PAC,STATE BUILDING AND CONSTRUCTION TRADES COUNCIL OF CALIFORNIA,2025-06-12,Sacramento,CA,2,recipient_committee,NA
7e869762,State Building & Construction Trades Council of California,,,,not a pac,,,1018846,1210.69,2025-06-30,1018846,State Building and Construction Trades Council of California PAC,STATE BUILDING AND CONSTRUCTION TRADES COUNCIL OF CALIFORNIA,2025-06-30,Sacramento,CA,2,recipient_committee,NA
4ba2b74c,State Building & Construction Trades Council of California,,,,not a pac,,,1018846,1612.5,2025-07-11,1018846,State Building and Construction Trades Council of California PAC,STATE BUILDING AND CONSTRUCTION TRADES COUNCIL OF CALIFORNIA,2025-07-11,Sacramento,CA,2,recipient_committee,NA
27edc3e3,State Building & Construction Trades Council of California,,,,not a pac,,,1018846,1137.78,2025-07-31,1018846,State Building and Construction Trades Council of California PAC,STATE BUILDING AND CONSTRUCTION TRADES COUNCIL OF CALIFORNIA,2025-07-31,Sacramento,CA,2,recipient_committee,NA
460a5570,State Building & Construction Trades Council of California,,,,not a pac,,,1018846,1476.92,2025-08-29,1018846,State Building and Construction Trades Council of California PAC,STATE BUILDING AND CONSTRUCTION TRADES COUNCIL OF CALIFORNIA,2025-08-29,Sacramento,CA,2,recipient_committee,NA
73ccb44f,State Building & Construction Trades Council of California,,,,not a pac,,,1018846,2658.25,2025-10-02,1018846,State Building and Construction Trades Council of California PAC,STATE BUILDING AND CONSTRUCTION TRADES COUNCIL OF CALIFORNIA,2025-10-02,Sacramento,CA,2,recipient_committee,NA
4fdb32a9,State Building & Construction Trades Council of California,,,,not a pac,,,1018846,2938.96,2025-11-12,1018846,State Building and Construction Trades Council of California PAC,STATE BUILDING AND CONSTRUCTION TRADES COUNCIL OF CALIFORNIA,2025-11-12,Sacramento,CA,2,recipient_committee,NA
1ab4c933,State Building & Construction Trades Council of California,,,,not a pac,,,1018846,2278.16,2026-01-06,1018846,State Building and Construction Trades Council of California PAC,STATE BUILDING AND CONSTRUCTION TRADES COUNCIL OF CALIFORNIA,2026-01-06,Sacramento,CA,2,recipient_committee,NA
358d9321,State Building & Construction Trades Council of California,,,,not a pac,,,1018846,4741.5,2026-01-20,1018846,State Building and Construction Trades Council of California PAC,STATE BUILDING AND CONSTRUCTION TRADES COUNCIL OF CALIFORNIA,2026-01-20,Sacramento,CA,2,recipient_committee,NA
4de06259,State Building & Construction Trades Council of California,,,,not a pac,,,1018846,3459.84,2026-01-31,1018846,State Building and Construction Trades Council of California PAC,STATE BUILDING AND CONSTRUCTION TRADES COUNCIL OF CALIFORNIA,2026-01-31,Sacramento,CA,2,recipient_committee,NA
bc9a2305,State Building & Construction Trades Council of California,,,,not a pac,,,1018846,3308,2026-04-09,1018846,State Building and Construction Trades Council of California PAC,STATE BUILDING AND CONSTRUCTION TRADES COUNCIL OF CALIFORNIA,2026-04-09,Sacramento,CA,2,recipient_committee,NA
f9297146,State Building & Construction Trades Council of California,,,,not a pac,,,1018846,1178.5,2026-04-09,1018846,State Building and Construction Trades Council of California PAC,STATE BUILDING AND CONSTRUCTION TRADES COUNCIL OF CALIFORNIA,2026-04-09,Sacramento,CA,2,recipient_committee,NA
158cfb86,State Building & Construction Trades Council of California,,,,not a pac,,,1072248,656.5,2025-02-11,1018846,Members' Voice of the State Building and Construction Trades Council of California,STATE BUILDING AND CONSTRUCTION TRADES COUNCIL OF CALIFORNIA,2025-02-11,Sacramento,CA,2,recipient_committee,NA
cf87b466,State Building & Construction Trades Council of California,,,,not a pac,,,1072248,3105.86,2025-02-18,1018846,Members' Voice of the State Building and Construction Trades Council of California,STATE BUILDING AND CONSTRUCTION TRADES COUNCIL OF CALIFORNIA,2025-02-18,Sacramento,CA,2,recipient_committee,NA
aa548682,State Building & Construction Trades Council of California,,,,not a pac,,,1072248,525,2025-04-17,1018846,Members' Voice of the State Building and Construction Trades Council of California,STATE BUILDING AND CONSTRUCTION TRADES COUNCIL OF CALIFORNIA,2025-04-17,Sacramento,CA,2,recipient_committee,NA
a4f24f59,State Building & Construction Trades Council of California,,,,not a pac,,,1072248,1071,2025-05-09,1018846,Members' Voice of the State Building and Construction Trades Council of California,STATE BUILDING AND CONSTRUCTION TRADES COUNCIL OF CALIFORNIA,2025-05-09,Sacramento,CA,2,recipient_committee,NA
06aa0c47,State Building & Construction Trades Council of California,,,,not a pac,,,1072248,787,2025-06-12,1018846,Members' Voice of the State Building and Construction Trades Council of California,STATE BUILDING AND CONSTRUCTION TRADES COUNCIL OF CALIFORNIA,2025-06-12,Sacramento,CA,2,recipient_committee,NA
2a9a8f1f,State Building & Construction Trades Council of California,,,,not a pac,,,1072248,889,2025-06-30,1018846,Members' Voice of the State Building and Construction Trades Council of California,STATE BUILDING AND CONSTRUCTION TRADES COUNCIL OF CALIFORNIA,2025-06-30,Sacramento,CA,2,recipient_committee,NA
37e46f0f,State Building & Construction Trades Council of California,,,,not a pac,,,1072248,1363.5,2025-07-11,1018846,Members' Voice of the State Building and Construction Trades Council of California,STATE BUILDING AND CONSTRUCTION TRADES COUNCIL OF CALIFORNIA,2025-07-11,Sacramento,CA,2,recipient_committee,NA
1fe26182,State Building & Construction Trades Council of California,,,,not a pac,,,1072248,227,2025-08-18,1018846,Members' Voice of the State Building and Construction Trades Council of California,STATE BUILDING AND CONSTRUCTION TRADES COUNCIL OF CALIFORNIA,2025-08-18,Sacramento,CA,2,recipient_committee,NA
d33287ff,State Building & Construction Trades Council of California,,,,not a pac,,,1072248,1142.5,2025-08-29,1018846,Members' Voice of the State Building and Construction Trades Council of California,STATE BUILDING AND CONSTRUCTION TRADES COUNCIL OF CALIFORNIA,2025-08-29,Sacramento,CA,2,recipient_committee,NA
88eb809d,State Building & Construction Trades Council of California,,,,not a pac,,,1072248,227,2025-09-30,1018846,Members' Voice of the State Building and Construction Trades Council of California,STATE BUILDING AND CONSTRUCTION TRADES COUNCIL OF CALIFORNIA,2025-09-30,Sacramento,CA,2,recipient_committee,NA
9d2e6aee,State Building & Construction Trades Council of California,,,,not a pac,,,1072248,910.5,2025-10-02,1018846,Members' Voice of the State Building and Construction Trades Council of California,STATE BUILDING AND CONSTRUCTION TRADES COUNCIL OF CALIFORNIA,2025-10-02,Sacramento,CA,2,recipient_committee,NA
48245525,State Building & Construction Trades Council of California,,,,not a pac,,,1072248,1054,2025-11-12,1018846,Members' Voice of the State Building and Construction Trades Council of California,STATE BUILDING AND CONSTRUCTION TRADES COUNCIL OF CALIFORNIA,2025-11-12,Sacramento,CA,2,recipient_committee,NA
5358f563,State Building & Construction Trades Council of California,,,,not a pac,,,1072248,889,2026-01-06,1018846,Members' Voice of the State Building and Construction Trades Council of California,STATE BUILDING AND CONSTRUCTION TRADES COUNCIL OF CALIFORNIA,2026-01-06,Sacramento,CA,2,recipient_committee,NA
fb593864,State Building & Construction Trades Council of California,,,,not a pac,,,1072248,2556.74,2026-01-20,1018846,Members' Voice of the State Building and Construction Trades Council of California,STATE BUILDING AND CONSTRUCTION TRADES COUNCIL OF CALIFORNIA,2026-01-20,Sacramento,CA,2,recipient_committee,NA
b42ad8f4,State Building & Construction Trades Council of California,,,,not a pac,,,1072248,1397.17,2026-01-31,1018846,Members' Voice of the State Building and Construction Trades Council of California,STATE BUILDING AND CONSTRUCTION TRADES COUNCIL OF CALIFORNIA,2026-01-31,Sacramento,CA,2,recipient_committee,NA
b9042e9f,State Building & Construction Trades Council of California,,,,not a pac,,,1072248,5256.19,2026-04-09,1018846,Members' Voice of the State Building and Construction Trades Council of California,STATE BUILDING AND CONSTRUCTION TRADES COUNCIL OF CALIFORNIA,2026-04-09,Sacramento,CA,2,recipient_committee,NA
047eadc4,State Building & Construction Trades Council of California,,,,not a pac,,,1072248,1153,2026-04-09,1018846,Members' Voice of the State Building and Construction Trades Council of California,STATE BUILDING AND CONSTRUCTION TRADES COUNCIL OF CALIFORNIA,2026-04-09,Sacramento,CA,2,recipient_committee,NA
6e863344,State Building & Construction Trades Council of California,,,,not a pac,,,1072248,850000,2026-06-24,1018846,Members' Voice of the State Building and Construction Trades Council of California,STATE BUILDING AND CONSTRUCTION TRADES COUNCIL OF CALIFORNIA,2026-06-24,Sacramento,CA,2,recipient_committee,NA
f42bf35d,State Building & Construction Trades Council of California,,,,not a pac,,,1072248,26000,2026-06-24,1018846,Members' Voice of the State Building and Construction Trades Council of California,STATE BUILDING AND CONSTRUCTION TRADES COUNCIL OF CALIFORNIA,2026-06-24,Sacramento,CA,2,recipient_committee,NA
c43c6a99,State Coalition of Probation Organizations,,,,not a pac,,,1054869,595.84,2025-01-10,1054869,State Coalition of Probation Organizations PAC,STATE COALITION OF PROBATION ORGANIZATIONS,2025-01-10,Sacramento,CA,1,recipient_committee,NA
22022f8e,State Coalition of Probation Organizations,,,,not a pac,,,1054869,645.15,2025-02-20,1054869,State Coalition of Probation Organizations PAC,STATE COALITION OF PROBATION ORGANIZATIONS,2025-02-20,Sacramento,CA,1,recipient_committee,NA
64f31d5e,State Coalition of Probation Organizations,,,,not a pac,,,1054869,168.3,2025-03-18,1054869,State Coalition of Probation Organizations PAC,STATE COALITION OF PROBATION ORGANIZATIONS,2025-03-18,Sacramento,CA,1,recipient_committee,NA
7748c13f,State Coalition of Probation Organizations,,,,not a pac,,,1054869,290.7,2025-04-10,1054869,State Coalition of Probation Organizations PAC,STATE COALITION OF PROBATION ORGANIZATIONS,2025-04-10,Sacramento,CA,1,recipient_committee,NA
1f93ae23,State Coalition of Probation Organizations,,,,not a pac,,,1054869,290.7,2025-05-05,1054869,State Coalition of Probation Organizations PAC,STATE COALITION OF PROBATION ORGANIZATIONS,2025-05-05,Sacramento,CA,1,recipient_committee,NA
0cb5e433,State Coalition of Probation Organizations,,,,not a pac,,,1054869,650.25,2025-05-16,1054869,State Coalition of Probation Organizations PAC,STATE COALITION OF PROBATION ORGANIZATIONS,2025-05-16,Sacramento,CA,1,recipient_committee,NA
fd61503f,State Coalition of Probation Organizations,,,,not a pac,,,1054869,650.25,2025-06-03,1054869,State Coalition of Probation Organizations PAC,STATE COALITION OF PROBATION ORGANIZATIONS,2025-06-03,Sacramento,CA,1,recipient_committee,NA
d00d7af3,State Coalition of Probation Organizations,,,,not a pac,,,1054869,178.5,2025-08-07,1054869,State Coalition of Probation Organizations PAC,STATE COALITION OF PROBATION ORGANIZATIONS,2025-08-07,Sacramento,CA,1,recipient_committee,NA
6875c1a3,State Coalition of Probation Organizations,,,,not a pac,,,1054869,160.65,2025-09-15,1054869,State Coalition of Probation Organizations PAC,STATE COALITION OF PROBATION ORGANIZATIONS,2025-09-15,Sacramento,CA,1,recipient_committee,NA
d5e25af0,State Coalition of Probation Organizations,,,,not a pac,,,1054869,249,2025-10-14,1054869,State Coalition of Probation Organizations PAC,STATE COALITION OF PROBATION ORGANIZATIONS,2025-10-14,Sacramento,CA,1,recipient_committee,NA
6170703,State Coalition of Probation Organizations,,,,not a pac,,,1054869,183.6,2025-10-14,1054869,State Coalition of Probation Organizations PAC,STATE COALITION OF PROBATION ORGANIZATIONS,2025-10-14,Sacramento,CA,1,recipient_committee,NA
28d4d9cf,State Coalition of Probation Organizations,,,,not a pac,,,1054869,256.05,2025-11-07,1054869,State Coalition of Probation Organizations PAC,STATE COALITION OF PROBATION ORGANIZATIONS,2025-11-07,Sacramento,CA,1,recipient_committee,NA
c8b124b2,State Coalition of Probation Organizations,,,,not a pac,,,1054869,108.87,2025-12-09,1054869,State Coalition of Probation Organizations PAC,STATE COALITION OF PROBATION ORGANIZATIONS,2025-12-09,Sacramento,CA,1,recipient_committee,NA
f6319f7b,State Coalition of Probation Organizations,,,,not a pac,,,1054869,168.49,2026-01-06,1054869,State Coalition of Probation Organizations PAC,STATE COALITION OF PROBATION ORGANIZATIONS,2026-01-06,Sacramento,CA,1,recipient_committee,NA
b430e71e,State Coalition of Probation Organizations,,,,not a pac,,,1054869,488.22,2026-02-10,1054869,State Coalition of Probation Organizations PAC,STATE COALITION OF PROBATION ORGANIZATIONS,2026-02-10,Sacramento,CA,1,recipient_committee,NA
fc132f74,State Coalition of Probation Organizations,,,,not a pac,,,1054869,254.77,2026-03-03,1054869,State Coalition of Probation Organizations PAC,STATE COALITION OF PROBATION ORGANIZATIONS,2026-03-03,Sacramento,CA,1,recipient_committee,NA
d41d6524,State Coalition of Probation Organizations,,,,not a pac,,,1054869,240.05,2026-04-20,1054869,State Coalition of Probation Organizations PAC,STATE COALITION OF PROBATION ORGANIZATIONS,2026-04-20,Sacramento,CA,1,recipient_committee,NA
54093f65,State Coalition of Probation Organizations,,,,not a pac,,,1054869,349.67,2026-05-08,1054869,State Coalition of Probation Organizations PAC,STATE COALITION OF PROBATION ORGANIZATIONS,2026-05-08,Sacramento,CA,1,recipient_committee,NA
161bc7b0,State Coalition of Probation Organizations,,,,not a pac,,,1054869,555.71,2026-06-08,1054869,State Coalition of Probation Organizations PAC,STATE COALITION OF PROBATION ORGANIZATIONS,2026-06-08,Sacramento,CA,1,recipient_committee,NA
04762c8b,Teamsters Local Union No. 665,,,,not a pac,,,1018513,5000,2025-11-03,1280975,San Francisco Democratic County Central Committee,TEAMSTERS LOCAL UNION NO 665,2025-11-03,San Francisco,CA,1,recipient_committee,NA
0d2133cd,Teamsters Local Union No. 665,,,,not a pac,,,1018513,5000,2026-08-06,1280975,San Francisco Democratic County Central Committee,TEAMSTERS LOCAL UNION NO 665,2026-08-06,San Francisco,CA,1,recipient_committee,NA
419fc94e,"The Hartford Insurance Group, Inc. PAC (AKA THE HARTFORD ADVOCATES FUND)",930174,C00168864,TRUE,date doesn't match,,,1035164,7800,2025-07-09,NA,American Property Casualty Insurance Association California Political Action Committee (MPO),"THE HARTFORD INSURANCE GROUP, INC PAC (AKA THE HARTFORD ADVOCATES FUND)",2025-07-09,Hartford,CT,1,NA,NA
1283af20,"The Hartford Insurance Group, Inc. Political Action Committee",930174,C00168864,TRUE,date doesn't match,,,1021744,5000,2025-12-04,NA,Association of California Life & Health Insurance Companies PAC (ACLHIC PAC),"THE HARTFORD INSURANCE GROUP, INC POLITICAL ACTION COMMITTEE",2025-12-04,Hartford,CT,1,NA,NA
6a2f631b,UFCW Active Ballot Club PAC,1247000,C00002766,TRUE,date doesn't match,,,1380675,10000,2025-10-21,NA,"Yes on 50, The Election Rigging Response Act, Governor Newsom?s Ballot Measure Committee",UFCW ACTIVE BALLOT CLUB PAC,2025-10-21,Washington,DC,1,NA,NA
efac3eb9,U.S. Bancorp Political Participation Program (FEC ID C00018036),NA,C00018036,TRUE,in fec data only,,,1347482,10115.67,2026-05-16,NA,U.S. BANCORP POLITICAL PARTICIPATION PROGRAM,US BANCORP POLITICAL PARTICIPATION PROGRAM (FEC ID C00018036),2026-05-16,Washington,DC,1,NA,NA
6f6a6b3b,U.S. Bancorp Political Participation Program (FEC ID C00018036),NA,C00018036,TRUE,in fec data only,,,1347482,55070.91,2026-06-30,NA,U.S. BANCORP POLITICAL PARTICIPATION PROGRAM,US BANCORP POLITICAL PARTICIPATION PROGRAM (FEC ID C00018036),2026-06-30,Washington,DC,1,NA,NA
1bc5609c,U.S. Bancorp Political Participation Program - FEC ID #C00018036,NA,C00018036,TRUE,in fec data only,,,1347482,136048.2,2025-06-30,NA,U.S. BANCORP POLITICAL PARTICIPATION PROGRAM,US BANCORP POLITICAL PARTICIPATION PROGRAM - FEC ID NUMBERC00018036,2025-06-30,Washington,DC,1,NA,NA
2602461b,U.S. Bancorp Political Participation Program - FEC ID #C00018036,NA,C00018036,TRUE,in fec data only,,,1347482,133814.25,2025-12-31,NA,U.S. BANCORP POLITICAL PARTICIPATION PROGRAM,US BANCORP POLITICAL PARTICIPATION PROGRAM - FEC ID NUMBERC00018036,2025-12-31,Washington,DC,1,NA,NA
dfc18eaa,U.S. Bancorp Political Participation Program - FEC ID #C00018036,NA,C00018036,TRUE,in fec data only,,,1347482,76555.57,2026-03-31,NA,U.S. BANCORP POLITICAL PARTICIPATION PROGRAM,US BANCORP POLITICAL PARTICIPATION PROGRAM - FEC ID NUMBERC00018036,2026-03-31,Washington,DC,1,NA,NA
7a92dd54,"Vote Planned Parenthood Northern California, a Project of Planned Parenthood Northern California Action Fund",,,,can't find transaction,,YES,1380675,9195.4,2025-10-01,1276479,"Yes on 50, The Election Rigging Response Act, Governor Newsom?s Ballot Measure Committee","VOTE PLANNED PARENTHOOD NORTHERN CALIFORNIA, A PROJECT OF PLANNED PARENTHOOD NORTHERN CALIFORNIA ACTION FUND",2025-10-01,Sacramento,CA,1,recipient_committee,NA
,Border Health Federal PAC,,C00415752,TRUE,in fec data only,NA,,1480025,39200,2025-06-12,,,,,McAllen,,,,FALSE
,Professional Compounding Centers of America PAC,,C00558452,TRUE,in fec data only,NA,,1480025,500,2025-10-10,,,,,Houston,,,,FALSE
,Elect Dems Now PAC,,C00880062,TRUE,can't find transaction,NA,,1480025,1999,2025-12-30,,,,,Washington,,,,FALSE
,Laborer's Union Local No. 777 PAC,942524,,FALSE,date doesn't match,NA,,1480025,20000,2026-05-16,,,,,Riverside,,,,FALSE
,International Brotherhood of Electrical Workers Political Action Committee,900161,,,,NA,,1480025,34200,2026-05-27,,,,,Washington,,,,FALSE
,"International Association of Sheet Metal, Air, Rail and Transportation Workers Political Action League",890947,C00007542,TRUE,date doesn't match,NA,,1480025,39200,2026-08-27,,,,,Washington,,,,FALSE
,International Union of Painters and Allied Trades Political Action Together Political Committee,1414164,,TRUE,,"All self contributions, think its probs a federal PAC?",YES,1480025,39200,2026-09-02,,,,,Hanover,,,,FALSE
,Teachers Association of Long Beach/Teachers Active in Politics for Issues(ID# 930540),930540,,FALSE,can't find transaction,NA,YES,1483562,4650,2026-09-05,,,,,Long Beach,,,,FALSE
,"Service Employees International Union Local 721 CTW, CLC Issues and Initiatives Sponsored by Service Employee Union(ID#89104)",891044,,FALSE,,NA,,1483562,250000,2026-09-08,,,,,Los Angeles,,,,FALSE
,"American Federation of State, County & Municipal Employees California People Issues PAC (ID #1254555)",1254555,,FALSE,date doesn't match,NA,,1483562,100000,2026-09-08,,,,,Sacramento,,,,FALSE