canonical_name,,raw_name,Contributor.Employer,Contributor.Occupation,Contributor.City,Contributor.State,Contributor.Zip.Code,Recipient.Committee.ID,subgroup_id,confirmed,added_date,source,entity_uuid,removal_flag,removed_from_names,notes
ELIZABETH BARTON,,"BARTON, ELIZABETH",Infiniscape Incorporated,CEO,Setauket,NY,11733-1604,1380675,A,TRUE,2026-09-20,manual_confirmation,,,,
ELIZABETH BARTON,,"BARTON, ELIZABETH",Not Employed,Not Employed,Naples,FL,34105-7343,1380675,B,TRUE,2026-09-20,manual_confirmation,,,,
MARK BREWER,,"BREWER, MARK","Mark Brewer, Investment",Investment,Glen Ellen,CA,95442-8734,1380675,A,TRUE,2026-09-20,manual_confirmation,,,,
MARK BREWER,,"BREWER, MARK",Not Employed,Not Employed,Arcadia,OK,73007-9707,1380675,B,TRUE,2026-09-20,manual_confirmation,,,,
MICHAEL BROWN,,"BROWN, MICHAEL","Michael Brown, Artist",Artist,San Marcos,CA,92078-4570,1380675,A,TRUE,2026-09-20,manual_confirmation,,,,
MICHAEL BROWN,,"BROWN, MICHAEL",Mike Brown Attorney,Legal Assistant,Midland,TX,79705-3204,1380675,B,TRUE,2026-09-20,manual_confirmation,,,,
MICHAEL BROWN,,"BROWN, MICHAEL",Not Employed,Not Employed,Benicia,CA,94510-3132,1380675,C,TRUE,2026-09-20,manual_confirmation,,,,
MICHAEL BROWN,,"BROWN, MICHAEL",Not Employed,Not Employed,San Francisco,CA,94118-1204,1380675,D,TRUE,2026-09-20,manual_confirmation,,,,
MICHAEL BROWN,,"BROWN, MICHAEL",Reed Smith LLP,Attorney,La Canada Flintridge,CA,91011-3419,1380675,E,TRUE,2026-09-20,manual_confirmation,,,,
JAMES BRYANT,,"BRYANT, JAMES",JBR Partners Inc.,Public Relation Consultant,San Francisco,CA,94124-2273,1479464,A,TRUE,2026-09-20,manual_confirmation,,,,
JAMES BRYANT,,"BRYANT, JAMES",James Bryant,Attorney,Los Angeles,CA,90038-3444,1479464,B,TRUE,2026-09-20,manual_confirmation,,,,
LINDA BURKE,,"BURKE, LINDA",Not Employed,Not Employed,San Diego,CA,92116-1138,1380675,A,TRUE,2026-09-20,manual_confirmation,,,,
LINDA BURKE,,"BURKE, LINDA",Wappingers Csd,Teacher,Tillson,NY,12486-1503,1380675,B,TRUE,2026-09-20,manual_confirmation,,,,
JOHN DAVIS,,"DAVIS, JOHN",David&Goliath,Creative Director,Yucca Valley,CA,92284-2201,1380675,A,TRUE,2026-09-20,manual_confirmation,,,,
JOHN DAVIS,,"DAVIS, JOHN","John Davis, City Planner",City Planner,Burlington,VT,05401-8505,1380675,B,TRUE,2026-09-20,manual_confirmation,,,,
JOHN DAVIS,,"DAVIS, JOHN",Not Employed,Not Employed,Carson City,NV,89701-9313,1380675,C,TRUE,2026-09-20,manual_confirmation,,,,
JOHN DAVIS,,"DAVIS, JOHN",Not Employed,Not Employed,San Dimas,CA,91773-4458,1380675,D,TRUE,2026-09-20,manual_confirmation,,,,
JOHN DAVIS,,"DAVIS, JOHN",Pension Technology Group,Sales,Rio Rancho,NM,87144-4713,1380675,E,TRUE,2026-09-20,manual_confirmation,,,,
JOHN DAVIS,,"DAVIS, JOHN",Retired,Retired,Penn Valley,CA,95946,1268914,F,TRUE,2026-09-20,manual_confirmation,,,,
JOHN DAVIS,,"DAVIS, JOHN",Retired,Retired,San Diego,CA,92101,1268914,G,TRUE,2026-09-20,manual_confirmation,,,,
JOHN DAVIS,,"DAVIS, JOHN",Rolex Watch Usa,Watchmaker,New Rochelle,NY,10804-3525,1380675,H,TRUE,2026-09-20,manual_confirmation,,,,
KATHLEEN FLYNN,,"FLYNN, KATHLEEN",Not Employed,Not Employed,Santa Ana,CA,92706-1615,1380675,A,TRUE,2026-09-20,manual_confirmation,,,,
KATHLEEN FLYNN,,"FLYNN, KATHLEEN",Not Employed,Not Employed,Shrewsbury,MA,01545-4016,1380675,B,TRUE,2026-09-20,manual_confirmation,,,,
KATHLEEN FLYNN,,"FLYNN, KATHLEEN",Retired,Retired,Rancho Santa Fe,CA,92067,1268914,C,TRUE,2026-09-20,manual_confirmation,,,,
RICHARD GOLDSTEIN,,"GOLDSTEIN, RICHARD",Not Employed,Not Employed,Sagaponack,NY,11962-0752,1380675,A,TRUE,2026-09-20,manual_confirmation,,,,
RICHARD GOLDSTEIN,,"GOLDSTEIN, RICHARD",Oaktree Capital Management,Investment Manager,Rolling Hills,CA,90274-5264,1380675,B,TRUE,2026-09-20,manual_confirmation,,,,
MARK HENDERSON,,"HENDERSON, MARK",Not Employed,Not Employed,Gilbert,AZ,85233-7239,1380675,A,TRUE,2026-09-20,manual_confirmation,,,,
MARK HENDERSON,,"HENDERSON, MARK",Retired,Retired,San Clemente,CA,92673,1268914,B,TRUE,2026-09-20,manual_confirmation,,,,
MARK HENDERSON,,"HENDERSON, MARK",United Airlines,Technician,Hillside,IL,60162-2206,1380675,C,TRUE,2026-09-20,manual_confirmation,,,,
JOHN KELLY,,"KELLY, JOHN",Netflix,Software Developer,San Jose,CA,95136-3762,1380675,A,TRUE,2026-09-20,manual_confirmation,,,,
JOHN KELLY,,"KELLY, JOHN",Not Employed,Not Employed,Sonoma,CA,95476-4585,1380675,B,TRUE,2026-09-20,manual_confirmation,,,,
JOHN KELLY,,"KELLY, JOHN",Not Employed,Retired,Oak Bluffs,MA,02557-0759,1380675,C,TRUE,2026-09-20,manual_confirmation,,,,
ROBERT KLEIN,,"KLEIN, ROBERT",Klein Financial Corporation,Chairman,Los Altos Hills,CA,94022-2471,1380675,A,TRUE,2026-09-20,manual_confirmation,,,,
ROBERT KLEIN,,"KLEIN, ROBERT",Not Employed,Not Employed,Phelan,CA,92371-8862,1380675,B,TRUE,2026-09-20,manual_confirmation,,,,
CAROL MURPHY,,"MURPHY, CAROL",Not Employed,Not Employed,Vancouver,WA,98665-6521,1380675,A,TRUE,2026-09-20,manual_confirmation,,,,
CAROL MURPHY,,"MURPHY, CAROL",Not Employed,Not Employed,Woodcliff Lake,NJ,07677-7607,1380675,B,TRUE,2026-09-20,manual_confirmation,,,,
DENISE PHILLIPS,,"PHILLIPS, DENISE",Not Employed,Not Employed,Avon,IN,46123-9472,1380675,A,TRUE,2026-09-20,manual_confirmation,,,,
DENISE PHILLIPS,,"PHILLIPS, DENISE",Not Employed,Not Employed,Moss Beach,CA,94038-9758,1380675,B,TRUE,2026-09-20,manual_confirmation,,,,
RICHARD ROBBINS,,"ROBBINS, RICHARD","Richard Robbins, Real Estate Development",Real Estate Development,San Rafael,CA,94901-6102,1380675,A,TRUE,2026-09-20,manual_confirmation,,,,
RICHARD ROBBINS,,"ROBBINS, RICHARD","Richard Robbins, Writer",Writer,Los Angeles,CA,90049-1535,1380675,B,TRUE,2026-09-20,manual_confirmation,,,,
STEPHANIE ROBINSON,,"ROBINSON, STEPHANIE",Not Employed,Not Employed,Beverly Hills,CA,90212-4516,1380675,A,TRUE,2026-09-20,manual_confirmation,,,,
STEPHANIE ROBINSON,,"ROBINSON, STEPHANIE",Not Employed,Not Employed,Mclean,VA,22101-1624,1380675,B,TRUE,2026-09-20,manual_confirmation,,,,
NANCY RUBIN,,"RUBIN, NANCY",Not Employed,Not Employed,Los Angeles,CA,90077-2918,1380675,A,TRUE,2026-09-20,manual_confirmation,,,,
NANCY RUBIN,,"RUBIN, NANCY","Regina Chinweze, Accountant",Accountant,Aventura,FL,33180-4521,1380675,B,TRUE,2026-09-20,manual_confirmation,,,,
BRAD DANIELS,,"DANIELS, BRAD","1st Team Air Conditioning, Inc",Contractor,Temecula,CA,92592,1268914,A,TRUE,2026-09-25,manual_confirmation,,,,
BRAD DANIELS,,"DANIELS, BRAD","1st Team Air Conditioning, Inc.",HVAC Contractor,Temecula,CA,92592,1268914,A,TRUE,2026-09-25,manual_confirmation,,,,
BRAD DANIELS,,"DANIELS, BRAD",Microxchange.com,IT Consultant,Mission Viejo,CA,92691,1268914,B,TRUE,2026-09-25,manual_confirmation,,,,
CHARLES DAVIDSON,,"DAVIDSON, CHARLES",Retired,Retired,Canyon Country,CA,91387,1480425,A,TRUE,2026-09-25,manual_confirmation,,,,
CHARLES DAVIDSON,,"DAVIDSON, CHARLES",Wexford Capital,Chairman,Palm Beach,FL,33480,1480425,B,TRUE,2026-09-25,manual_confirmation,,,,
CHRISTINE SCOTT,,"SCOTT, CHRISTINE",Not Employed,Not Employed,Billings,MT,59103-7113,1479464,A,TRUE,2026-09-25,manual_confirmation,,,,
CHRISTINE SCOTT,,"SCOTT, CHRISTINE",Not Employed,Not Employed,Palm Springs,CA,92264-1602,1479464,B,TRUE,2026-09-25,manual_confirmation,,,,
CYNTHIA ANDERSON,,"ANDERSON, CYNTHIA",Retired,Retired,Ferandina beach,FL,32034,1480425,A,TRUE,2026-09-25,manual_confirmation,,,,
CYNTHIA ANDERSON,,"ANDERSON, CYNTHIA",Retired,Retired,Fernandina Beach,FL,32034,1480425,A,TRUE,2026-09-25,manual_confirmation,,,,
CYNTHIA ANDERSON,,"ANDERSON, CYNTHIA",Retired,Retired,Fernandina beach,FL,32834,1480425,A,TRUE,2026-09-25,manual_confirmation,,,,
CYNTHIA ANDERSON,,"ANDERSON, CYNTHIA",Retired,Retired,Longwood,FL,32779,1480425,B,TRUE,2026-09-25,manual_confirmation,,,,
DANIEL RODRIGUEZ,,"RODRIGUEZ, DANIEL",Not Employed,Not Employed,Oak Hill,VA,20171-3918,1480025,A,TRUE,2026-09-25,manual_confirmation,,,,
DANIEL RODRIGUEZ,,"RODRIGUEZ, DANIEL",Self Employed,Attorney,Bakersfield,CA,93311-8572,1480025,B,TRUE,2026-09-25,manual_confirmation,,,,
DANIEL SOUZA,,"SOUZA, DANIEL",Big De Farms,Farmer,Fresno,CA,93706,1480425,A,TRUE,2026-09-25,manual_confirmation,,,,
DANIEL SOUZA,,"SOUZA, DANIEL",Retired,Retired,San Clemente,CA,92673,1480425,B,TRUE,2026-09-25,manual_confirmation,,,,
DAVID ALVAREZ,,"ALVAREZ, DAVID","Leal Trejo, LLP",Attorney,Lakewood,CA,90712-3767,1480025,A,TRUE,2026-09-25,manual_confirmation,,,,
DAVID ALVAREZ,,"ALVAREZ, DAVID",State of California,Assemblymember,San Diego,CA,92113-1235,1480025,B,TRUE,2026-09-25,manual_confirmation,,,,
DAVID HILL,,"HILL, DAVID",Retired,Retired,Encinitas,CA,92024,1480425,A,TRUE,2026-09-25,manual_confirmation,,,,
DAVID HILL,,"HILL, DAVID",Retired,Retired,Hermosa Beach,CA,90254-2928,1480425,B,TRUE,2026-09-25,manual_confirmation,,,,
DAVID HILL,,"HILL, DAVID",Retired,Retired,Hermosa Beach,CA,90254,1480425,B,TRUE,2026-09-25,manual_confirmation,,,,
DAVID JACKSON,,"JACKSON, DAVID",Fairmont Schools,Educator,Newport Beach,CA,92660,1480425,A,TRUE,2026-09-25,manual_confirmation,,,,
DAVID JACKSON,,"JACKSON, DAVID",Fairmont Schools,Educator,Villa Park,CA,92861,1480425,A,TRUE,2026-09-25,manual_confirmation,,,,
DAVID JACKSON,,"JACKSON, DAVID",Retired,Retired,Harrison,OH,45030,1480425,B,TRUE,2026-09-25,manual_confirmation,,,,
DAVID JACKSON,,"JACKSON, DAVID",Retired,Retired,Millbrae,CA,94030,1480425,C,TRUE,2026-09-25,manual_confirmation,,,,
DAVID MAXWELL,,"MAXWELL, DAVID",Not Employed,Not Employed,Santa Maria,CA,93455-6642,1380675,A,TRUE,2026-09-25,manual_confirmation,,,,
DAVID MAXWELL,,"MAXWELL, DAVID",Not Employed,Not Employed,Washington,DC,20007-4455,1380675,B,TRUE,2026-09-25,manual_confirmation,,,,
DAVID THOMAS,,"THOMAS, DAVID",Mehlman Consulting,Attorney,Chevy Chase,MD,20815-4956,1480025,A,TRUE,2026-09-25,manual_confirmation,,,,
DAVID THOMAS,,"THOMAS, DAVID",Mehlman Consulting,Partner,Chevy Chase,MD,20815-4956,1480025,A,TRUE,2026-09-25,manual_confirmation,,,,
DAVID THOMAS,,"THOMAS, DAVID",Mehlman Consulting Inc,Partner,Chevy Chase,MD,20815-4956,1480025,A,TRUE,2026-09-25,manual_confirmation,,,,
DAVID THOMAS,,"THOMAS, DAVID",Retired,Retired,Port Hueneme,CA,93041,1480425,B,TRUE,2026-09-25,manual_confirmation,,,,
DAVID THOMAS,,"THOMAS, DAVID",Royal T Management,Real Estate,Fresno,CA,93730,1480425,C,TRUE,2026-09-25,manual_confirmation,,,,
DAVID THOMAS,,"THOMAS, DAVID",Royal T Mgmt,Real Estate,Fresno,CA,93730,1480425,C,TRUE,2026-09-25,manual_confirmation,,,,
HECTOR FLORES,,"FLORES, HECTOR",Altais,Physician,Whittier,CA,90604-4015,1480025,A,TRUE,2026-09-25,manual_confirmation,,,,
HECTOR FLORES,,"FLORES, HECTOR",Altais Family Care Specialists,Physician,Whittier,CA,90604-4015,1480025,A,TRUE,2026-09-25,manual_confirmation,,,,
HECTOR FLORES,,"FLORES, HECTOR",Family Care Specialists Medical Group,Physician,Whittier,CA,90604-4015,1480025,A,TRUE,2026-09-25,manual_confirmation,,,,
HECTOR FLORES,,"FLORES, HECTOR",Not Employed,Not Employed,Duncanville,TX,75137-3549,1480025,B,TRUE,2026-09-25,manual_confirmation,,,,
JAMES FOX,,"FOX, JAMES","Driltek, Inc.",Petroleum Engineer,Bakersfield,CA,93312,1480425,A,TRUE,2026-09-25,manual_confirmation,,,,
JAMES FOX,,"FOX, JAMES",Retired,Retired,Manteca,CA,95337,1480425,B,TRUE,2026-09-25,manual_confirmation,,,,
JAMES HALL,,"HALL, JAMES",Drilling & Production Co,Executive,Palos Verdes Estates,CA,90274,1480425,A,TRUE,2026-09-25,manual_confirmation,,,,
JAMES HALL,,"HALL, JAMES",N/A,Information Requested,Midland,TX,79702,1480425,B,TRUE,2026-09-25,manual_confirmation,,,,
JAMES HALL,,"HALL, JAMES",Retired,Retired,Dunnellon,FL,34433,1480425,C,TRUE,2026-09-25,manual_confirmation,,,,
JAMES HALL,,"HALL, JAMES",Retired,Retired,Gilbert,AZ,85233,1480425,D,TRUE,2026-09-25,manual_confirmation,,,,
LINDA JOHNSTON,,"JOHNSTON, LINDA",Not Employed,Not Employed,Mount Prospect,IL,60056-3207,1380675,A,TRUE,2026-09-25,manual_confirmation,,,,
LINDA JOHNSTON,,"JOHNSTON, LINDA",Not Employed,Not Employed,Overland Park,KS,66213-2241,1380675,B,TRUE,2026-09-25,manual_confirmation,,,,
PETER RICE,,"RICE, PETER",Indev,Instructor,Carlsbad,CA,92009-8702,1380675,A,TRUE,2026-09-25,manual_confirmation,,,,
PETER RICE,,"RICE, PETER",Peacehealth,Physician,Ketchikan,AK,99901-9372,1380675,B,TRUE,2026-09-25,manual_confirmation,,,,
STEPHEN HILTON,,"HILTON, STEPHEN",Retired,Retired,Greer,SC,29651,1480425,A,TRUE,2026-09-25,manual_confirmation,,,,
STEPHEN HILTON,,"HILTON, STEPHEN",The Steve Hilton Show,Owner,Atherton,CA,94027,1480425,B,TRUE,2026-09-25,manual_confirmation,,,,
STEVEN ROBINSON,,"ROBINSON, STEVEN",Air Force,Analyst,Burke,VA,22015,1480425,A,TRUE,2026-09-25,manual_confirmation,,,,
STEVEN ROBINSON,,"ROBINSON, STEVEN",Brewery X,Owner,Chicago,IL,60601,1480425,B,TRUE,2026-09-25,manual_confirmation,,,,
GREGORY ADAMS,,"ADAMS, GREG",Kaiser Permanente,Executive,Altadena,CA,91001-1416,1480025,A,TRUE,2026-09-25,manual_confirmation,,,,
GREGORY ADAMS,,"ADAMS, GREGORY",Kaiser Permanente,CEO,Altadena,CA,91001-2828,1480025,A,TRUE,2026-09-25,manual_confirmation,,,,
GREGORY ADAMS,,"ADAMS, GREGORY",Kaiser Permanente,Executive,Altadena,CA,91001-1416,1480025,A,TRUE,2026-09-25,manual_confirmation,,,,
JUSTIN H KING,,"KING, JUSTIN",Law Offices of Justin H. King,Attorney,Rancho Cucamonga,CA,91730,1021273,A,TRUE,2026-09-25,manual_confirmation,,,,
JUSTIN H KING,,"KING, JUSTIN",Law Offices of Justin H. King,Attorney,Rancho Cucamonga,CA,91730,1021273,A,TRUE,2026-09-25,manual_confirmation,,,,
JUSTIN H KING,,"KING, JUSTIN",Law Offices of Justin H. King,Attorney,Rancho Cucamonga,CA,91730,1021273,A,TRUE,2026-09-25,manual_confirmation,,,,
JUSTIN H KING,,"KING, JUSTIN H.",Law Offices of Justin H. King,Attorney,Rancho Cucamonga,CA,91730,1021273,A,TRUE,2026-09-25,manual_confirmation,,,,
JUSTIN H KING,,"KING, JUSTIN H.",Law Offices of Justin H. King,Attorney,Rancho Cucamonga,CA,91730,1021273,A,TRUE,2026-09-25,manual_confirmation,,,,
JUSTIN H KING,,"KING, JUSTIN H.",Law Offices of Justin H. King,Attorney,Rancho Cucamonga,CA,91730,1021273,A,TRUE,2026-09-25,manual_confirmation,,,,
JUSTIN H KING,,"KING, JUSTIN H.",Law Offices of Justin H. King,Attorney,Rancho Cucamonga,CA,91730,1021273,A,TRUE,2026-09-25,manual_confirmation,,,,
MARY ANN WALKER,,"WALKER, MARY",Walker Firm,Attorney,Palos Verdes Estates,CA,90274-1868,1480025,A,TRUE,2026-09-25,manual_confirmation,,,,
MARY ANN WALKER,,"WALKER, MARY ANN",Walker Firm,Executive,Palos Verdes Estates,CA,90274-1868,1480025,A,TRUE,2026-09-25,manual_confirmation,,,,
MARY ANN WALKER,,"WALKER, MARY ANN",Walker Firm,Executive,Palos Verdes Estates,CA,90274-1868,1480025,A,TRUE,2026-09-25,manual_confirmation,,,,
MARY ANN WALKER,,"WALKER, MARY ANN","Walker Firm, PC",Executive,Palos Verdes Estates,CA,90274-1868,1480025,A,TRUE,2026-09-25,manual_confirmation,,,,
JAMES THOMPSON,,"THOMPSON, JAMES",Retired,Retired,Oakland,CA,94619,1480425,A,TRUE,2026-09-26,manual_confirmation,,,,
JAMES THOMPSON,,"THOMPSON, JAMES",Retired,Retired,Santa Cruz,CA,95062,1480425,B,TRUE,2026-09-26,manual_confirmation,,,,
JAMES THOMPSON,,"THOMPSON, JAMES",Retired,Retired,Vista,CA,92084,1480425,C,TRUE,2026-09-26,manual_confirmation,,,,
JOHN MARSHALL,,"MARSHALL, JOHN",Retired,Retired,Etna,CA,96027,1480425,A,TRUE,2026-09-26,manual_confirmation,,,,
JOHN MARSHALL,,"MARSHALL, JOHN",Retired,Retired,Oceanside,CA,92056,1480425,B,TRUE,2026-09-26,manual_confirmation,,,,
JOHN MCENTEE,,"MCENTEE, JOHN",McEntee Group,Business Owner,Fullerton,CA,92831,1480425,A,TRUE,2026-09-26,manual_confirmation,,,,
JOHN MCENTEE,,"MCENTEE, JOHN",TEI Entertainment,President,Anaheim,CA,92807,1480425,B,TRUE,2026-09-26,manual_confirmation,,,,
JOHN MOORE,,"MOORE, JOHN",Retired,Retired,Augusta,KS,67010,1480425,A,TRUE,2026-09-26,manual_confirmation,,,,
JOHN MOORE,,"MOORE, JOHN",Retired,Retired,Green Valley,AZ,85614,1480425,B,TRUE,2026-09-26,manual_confirmation,,,,
JOHN MOORE,,"MOORE, JOHN",Moore-Newton Quality Hardwoods Corp.,Ceo,San Leandro,CA,94577,1480425,C,TRUE,2026-09-26,manual_confirmation,,,,
JOHN MOORE,,"MOORE, JOHN",N/A,N/A,Temecula,CA,92592,1480425,D,TRUE,2026-09-26,manual_confirmation,,,,
JOHN MOORE,,"MOORE, JOHN",Retired,Retired,Livermore,CA,94550,1480425,E,TRUE,2026-09-26,manual_confirmation,,,,
JOHN MOORE,,"MOORE, JOHN",Retired,Retired,Los Gatos,CA,95030,1480425,F,TRUE,2026-09-26,manual_confirmation,,,,
JOHN MOORE,,"MOORE, JOHN",Retired,Retired,Monte Sereno,CA,95030,1480425,G,TRUE,2026-09-26,manual_confirmation,,,,
JOHN TAYLOR,,"TAYLOR, JOHN",Not Employed,Not Employed,Fayetteville,TN,37334-6944,1480025,A,TRUE,2026-09-26,manual_confirmation,,,,
JOHN TAYLOR,,"TAYLOR, JOHN",Not Employed,Not Employed,Scotts Valley,CA,95066-4017,1480025,B,TRUE,2026-09-26,manual_confirmation,,,,
JOHN TAYLOR,,"TAYLOR, JOHN",Self Employed,Attorney,Manhattan Beach,CA,90266-5631,1480025,C,TRUE,2026-09-26,manual_confirmation,,,,
JOSE HERNANDEZ,,"HERNANDEZ, JOSE",IDEATE,CEO,Burbank,CA,91504-3515,1480025,A,TRUE,2026-09-26,manual_confirmation,,,,
JOSE HERNANDEZ,,"HERNANDEZ, JOSE",IDEATE California,CEO,Burbank,CA,91504-3515,1480025,A,TRUE,2026-09-26,manual_confirmation,,,,
JOSE HERNANDEZ,,"HERNANDEZ, JOSE",IDEATE California,CEO,Studio City,CA,91604-2365,1480025,A,TRUE,2026-09-26,manual_confirmation,,,,
JOSE HERNANDEZ,,"HERNANDEZ, JOSE",Ideate,CEO,Burbank,CA,91504-3515,1480025,A,TRUE,2026-09-26,manual_confirmation,,,,
JOSE HERNANDEZ,,"HERNANDEZ, JOSE",Napa Valley College,Education,Napa,CA,94558-2565,1480025,B,TRUE,2026-09-26,manual_confirmation,,,,
JOSE HERNANDEZ,,"HERNANDEZ, JOSE",AT&T,Telephone Tecnician,Reseda,CA,91335-4131,1480025,C,TRUE,2026-09-26,manual_confirmation,,,,
JOSE HERNANDEZ,,"HERNANDEZ, JOSE",Orange County,Attorney,Montebello,CA,90640-3549,1480025,D,TRUE,2026-09-26,manual_confirmation,,,,
JOSE HERNANDEZ,,"HERNANDEZ, JOSE",Self Employed,Engineer,Manteca,CA,95336-8340,1480025,E,TRUE,2026-09-26,manual_confirmation,,,,
JOSE HERNANDEZ,,"HERNANDEZ, JOSE","Tierra Luna Engineering, LLC",Farmer and Aerospace Engineer,Manteca,CA,95336-8340,1480025,E,TRUE,2026-09-26,manual_confirmation,,,,
JUAN TORRES,,"TORRES, JUAN",Musick Peeler,Attorney,Rancho Palos Verdes,CA,90275-3756,1480025,A,TRUE,2026-09-26,manual_confirmation,,,,
JUAN TORRES,,"TORRES, JUAN",Musick Peeler LLP,Attorney,Rancho Palos Verdes,CA,90275-3756,1480025,A,TRUE,2026-09-26,manual_confirmation,,,,
JUAN TORRES,,"TORRES, JUAN",Tzunu Strategies,Consultant,Sacramento,CA,95831-2209,1480025,B,TRUE,2026-09-26,manual_confirmation,,,,
KELLY DAY,,"DAY, KELLY",Self Employed - Kelly Day,Investor,Los Angeles,CA,90017,1480425,A,TRUE,2026-09-26,manual_confirmation,,,,
KELLY DAY,,"DAY, KELLY",Shermco,Project Manager,Howell,MI,48855,1480425,B,TRUE,2026-09-26,manual_confirmation,,,,
KEVIN SMITH,,"SMITH, KEVIN",Smith-Kandal,Broker,Brawley,CA,92227,1480103,A,TRUE,2026-09-26,manual_confirmation,,,,
KEVIN SMITH,,"SMITH, KEVIN",WSHB,Lawyer,San Diego,CA,92106,1480103,B,TRUE,2026-09-26,manual_confirmation,,,,
KEVIN SMITH,,"SMITH, KEVIN",Wood Smith,Lawyer,San Diego,CA,92106,1480103,B,TRUE,2026-09-26,manual_confirmation,,,,
MARCO GARCIA,,"GARCIA, MARCO",Not Employed,Not Employed,Redwood City,CA,94065-1541,1480025,A,TRUE,2026-09-26,manual_confirmation,,,,
MARCO GARCIA,,"GARCIA, MARCO",Prime Advisor Inc.,Finance Director,Montebello,CA,90640-2305,1480025,B,TRUE,2026-09-26,manual_confirmation,,,,
MICHAEL NELSON,,"NELSON, MICHAEL",Mike's Grillhouse,Restaurant Owner,Modesto,CA,95356,1480425,A,TRUE,2026-09-26,manual_confirmation,,,,
MICHAEL NELSON,,"NELSON, MICHAEL",Retired,Retired,Petaluma,CA,94952,1480425,B,TRUE,2026-09-26,manual_confirmation,,,,
MICHAEL NELSON,,"NELSON, MICHAEL",Retired,Retired,San Francisco,CA,94122,1480425,C,TRUE,2026-09-26,manual_confirmation,,,,
OSCAR GARCIA,,"GARCIA, OSCAR",DHR Health,Physician,Mission,TX,78572-7577,1480025,A,TRUE,2026-09-26,manual_confirmation,,,,
OSCAR GARCIA,,"GARCIA, OSCAR",El Matatan,Business Owner,La Mirada,CA,90638-5720,1480025,B,TRUE,2026-09-26,manual_confirmation,,,,
PAMINA BARKOW,,"BARKOW, PAMINA",Not Employed,Not Employed,Aliso Viejo,CA,92656-3041,1480025,A,TRUE,2026-09-26,manual_confirmation,,,,
PAMINA BARKOW,,"BARKOW, PAMINA",OC Performance Coaches,Business Owner,Laguna Hills,CA,92653-6338,1480025,A,TRUE,2026-09-26,manual_confirmation,,,,
RAUL AYALA,,"AYALA, RAUL",Adventist Health,Manager,Fresno,CA,93730-0740,1480025,A,TRUE,2026-09-26,manual_confirmation,,,,
RAUL AYALA,,"AYALA, RAUL",Adventist Health,Medical Doctor,Fresno,CA,93730-0740,1480025,A,TRUE,2026-09-26,manual_confirmation,,,,
RAUL AYALA,,"AYALA, RAUL",Not Employed,Not Employed,Sierra Madre,CA,91024-1018,1480025,B,TRUE,2026-09-26,manual_confirmation,,,,
RAUL AYALA,,"AYALA, RAUL",Self Employed,Attorney,Sierra Madre,CA,91024-1018,1480025,B,TRUE,2026-09-26,manual_confirmation,,,,
RICHARD BARRETT,,"BARRETT, RICHARD",Barrett Family Holdings,Owner,Del Monte Forest,CA,93953,1480425,A,TRUE,2026-09-26,manual_confirmation,,,,
RICHARD BARRETT,,"BARRETT, RICHARD",N/A,N/A,Newport Beach,CA,92663,1480425,B,TRUE,2026-09-26,manual_confirmation,,,,
ROBERT ANDERSON,,"ANDERSON, ROBERT",Eye Care Institute,Physician,Santa Rosa,CA,95404-1648,1480025,A,TRUE,2026-09-26,manual_confirmation,,,,
ROBERT ANDERSON,,"ANDERSON, ROBERT",Self Employed,Physician,Santa Rosa,CA,95404-1648,1480025,A,TRUE,2026-09-26,manual_confirmation,,,,
ROBERT ANDERSON,,"ANDERSON, ROBERT",Self Employed,Writer,San Francisco,CA,94115-1060,1480025,B,TRUE,2026-09-26,manual_confirmation,,,,
ROBERT BEST,,"BEST, ROBERT",Retired,Retired,Portland,OR,97266-3334,1480425,A,TRUE,2026-09-26,manual_confirmation,,,,
ROBERT BEST,,"BEST, ROBERT",Westar Associates,Developer,Newport Beach,CA,92660,1480425,B,TRUE,2026-09-26,manual_confirmation,,,,
ROBERT NICKELL,,"NICKELL, ROBERT",Pharmacy,Pharmacist,Torrance,CA,90501,1480425,A,TRUE,2026-09-26,manual_confirmation,,,,
ROBERT NICKELL,,"NICKELL, ROBERT",Retired,Retired,Dallas,TX,75201,1480425,B,TRUE,2026-09-26,manual_confirmation,,,,
RYAN FERGUSON,,"FERGUSON, RYAN",F & F West,Owner,Lemoore,CA,93245,1480425,A,TRUE,2026-09-26,manual_confirmation,,,,
RYAN FERGUSON,,"FERGUSON, RYAN",Self Employed-Ryan Ferguson,Consulting,Lake Forest,IL,60045,1480425,B,TRUE,2026-09-26,manual_confirmation,,,,
SEAN SWIFT,,"SWIFT, SEAN",Muesli Munch LLC,Owner,Los Osos,CA,93402-1202,1380675,A,TRUE,2026-09-26,manual_confirmation,,,,
SEAN SWIFT,,"SWIFT, SEAN",Not Employed,Not Employed,Sebastopol,CA,95472-2030,1380675,B,TRUE,2026-09-26,manual_confirmation,,,,
STEVEN CRAIG,,"CRAIG, STEVEN",CraigRealty Group,Real Estate Development,Newport Coast,CA,92657,1480425,A,TRUE,2026-09-26,manual_confirmation,,,,
STEVEN CRAIG,,"CRAIG, STEVEN",X,X,Laguna Beach,CA,92651,1480425,B,TRUE,2026-09-26,manual_confirmation,,,,