Normalized,norm_key,recipient_key,entity_name,entity_id,Contributor.Employer,Contributor.Occupation,Contributor.City,Contributor.State,Contributor.Zip.Code,Recipient.Committee.ID,max_single_recipient,in_names_map,has_name_variants,amount_to_committee,n_contributions,name_total,Recipient.Committee,Amount
ALYSON R. HANSEN,ALYSON R. HANSEN,1039318,"HANSEN, ALYSON R.",9eb453a4-0f27-4802-b9e9-afb1c8c506dd,Intech Mechanical Company Inc. Service,Building Trades Journeyperson,Applegate,CA,95703,1039318,5449.950000000001,FALSE,FALSE,2135.52,6,5449.95,NA,NA
ALYSON R. HANSEN,ALYSON R. HANSEN,1039318,"HANSEN, ALYSON R.",9eb453a4-0f27-4802-b9e9-afb1c8c506dd,Raglen System Balance (D2),Building Trades Journeyperson,Applegate,CA,95703,1039318,5449.950000000001,FALSE,FALSE,2181.48,6,5449.95,NA,NA
ALYSON R. HANSEN,ALYSON R. HANSEN,1039318,"HANSEN, ALYSON R.",9eb453a4-0f27-4802-b9e9-afb1c8c506dd,SMW Local 104,Building Trades Journeyperson,Applegate,CA,95703,1039318,5449.950000000001,FALSE,FALSE,1132.95,5,5449.95,NA,NA
ANDREW SLOCUM,ANDREW SLOCUM,1401346,"SLOCUM, ANDREW",07a9defe-ab81-4acf-b92e-46df01b667c4,Green Development Company,Housing Advocate,Pasadena,CA,91106,1401346,5250,FALSE,FALSE,5000,1,5250,NA,NA
ANDREW SLOCUM,ANDREW SLOCUM,1401346,"SLOCUM, ANDREW",07a9defe-ab81-4acf-b92e-46df01b667c4,Green Development Company,Realtor,Pasadena,CA,91106,1401346,5250,FALSE,FALSE,250,1,5250,NA,NA
ANNETTE ROSS,ANNETTE ROSS,1077648,"ROSS, ANNETTE",22774180-e02d-42a9-a939-cc9896a2dd9c,,HOMEMAKER,RANCHO SANTA FE,CA,92067,1077648,9175,FALSE,FALSE,2775,3,9175,NA,NA
ANNETTE ROSS,ANNETTE ROSS,1077648,"ROSS, ANNETTE",22774180-e02d-42a9-a939-cc9896a2dd9c,,NOT EMPLOYED,Rancho Santa Fe,CA,92067,1077648,9175,FALSE,FALSE,6400,9,9175,NA,NA
BENJAMIN WEST,BENJAMIN WEST,"BECERRA, XAVIER | Governor","WEST, BENJAMIN",9476773a-e312-4ea1-9284-697e3820887d,Trajectory Labs PBC,CTO,Berkeley,CA,94709-2185,1480025,78400,FALSE,FALSE,39200,2,78400,NA,NA
BENJAMIN WEST,BENJAMIN WEST,"BECERRA, XAVIER | Governor","WEST, BENJAMIN",9476773a-e312-4ea1-9284-697e3820887d,Trajectory Labs PBC,Executive,Berkeley,CA,94709-2185,1480025,78400,FALSE,FALSE,39200,1,78400,NA,NA
CHARLES ANDERSON,CHARLES ANDERSON,"HILTON, STEVE | Governor","ANDERSON, CHARLES",ce65c997-0efb-409a-aa07-7042468e6f04,Anderson Seafood,President,Anaheim,CA,92807,1480425,20150,FALSE,FALSE,20000,2,20150,NA,NA
CHARLES ANDERSON,CHARLES ANDERSON,"HILTON, STEVE | Governor","ANDERSON, CHARLES",ce65c997-0efb-409a-aa07-7042468e6f04,Chuck Anderson CPA Inc.,Certified Financial Planner,Redondo Beach,CA,90278,1480425,20150,FALSE,FALSE,50,1,20150,NA,NA
CHARLES ANDERSON,CHARLES ANDERSON,"HILTON, STEVE | Governor","ANDERSON, CHARLES",ce65c997-0efb-409a-aa07-7042468e6f04,Retired,Retired,Newport Beach,CA,92663,1480425,20150,FALSE,FALSE,100,1,20150,NA,NA
CHRISTA RAMEY,CHRISTA RAMEY,1021273,"RAMEY, CHRISTA",7fc487e3-08ac-4c23-9e33-7e56744e30b0,ACTS Law,Attorney,Encino,CA,91436,1021273,13766.61,FALSE,FALSE,12933.28,17,13766.61,NA,NA
CHRISTA RAMEY,CHRISTA RAMEY,1021273,"RAMEY, CHRISTA",7fc487e3-08ac-4c23-9e33-7e56744e30b0,"Ramey Law, Professional Corporation",Attorney,Los Angeles,CA,90045,1021273,13766.61,FALSE,FALSE,833.33,1,13766.61,NA,NA
CHRISTOPHER MARSH,CHRISTOPHER MARSH,"HILTON, STEVE | Governor","MARSH, CHRISTOPHER",3ef91910-dcc4-4255-87e2-e7a7e09a2d3a,Cherry Tree Capital Partners,CEO,Newport Beach,CA,92625,1480425,5100,FALSE,FALSE,5000,1,5100,NA,NA
CHRISTOPHER MARSH,CHRISTOPHER MARSH,"HILTON, STEVE | Governor","MARSH, CHRISTOPHER",3ef91910-dcc4-4255-87e2-e7a7e09a2d3a,N/A,N/A,Poway,CA,92064,1480425,5100,FALSE,FALSE,100,1,5100,NA,NA
DANA GUERIN,DANA GUERIN,"BECERRA, XAVIER | Governor","GUERIN, DANA",4093ee2b-f948-4bd9-910e-cba089e89765,Epic Level,Producer,Santa Monica,CA,90402-3120,1480025,25000,FALSE,FALSE,2000,2,5500,NA,NA
DANA GUERIN,DANA GUERIN,"BECERRA, XAVIER | Governor","GUERIN, DANA",4093ee2b-f948-4bd9-910e-cba089e89765,Self Employed,Film Producer,Santa Monica,CA,90402-3120,1480025,25000,FALSE,FALSE,3500,2,5500,NA,NA
DANIEL HODES,DANIEL HODES,1021273,"HODES, DANIEL",823a35e7-ad8e-415b-b077-4f72e6c5e7a3,"Hodes Milman, LLP",Attorney,Irvine,CA,92618,1021273,24800,FALSE,FALSE,14800,3,24800,NA,NA
DANIEL HODES,DANIEL HODES,1021273,"HODES, DANIEL",823a35e7-ad8e-415b-b077-4f72e6c5e7a3,"Hodes Milman, LLP",Attorney,San Juan Capistrano,CA,92675,1021273,24800,FALSE,FALSE,10000,1,24800,NA,NA
DAVID HILL,DAVID HILL: B,"HILTON, STEVE | Governor","HILL, DAVID",1a0f5f62-7a3c-45d0-8b2f-13883108673b,Retired,Retired,Hermosa Beach,CA,90254-2928,1480425,NA,NA,NA,NA,NA,NA,Steve Hilton for Governor 2026,100
DAVID HILL,DAVID HILL: A,"HILTON, STEVE | Governor","HILL, DAVID",1a0f5f62-7a3c-45d0-8b2f-13883108673b,Retired,Retired,Encinitas,CA,92024,1480425,NA,NA,NA,NA,NA,NA,Steve Hilton for Governor 2026,150
DAVID HILL,DAVID HILL: A,"HILTON, STEVE | Governor","HILL, DAVID",1a0f5f62-7a3c-45d0-8b2f-13883108673b,Retired,Retired,Encinitas,CA,92024,1480425,NA,NA,NA,NA,NA,NA,Steve Hilton for Governor 2026,7
DAVID HILL,DAVID HILL: A,"HILTON, STEVE | Governor","HILL, DAVID",1a0f5f62-7a3c-45d0-8b2f-13883108673b,Retired,Retired,Encinitas,CA,92024,1480425,NA,NA,NA,NA,NA,NA,Steve Hilton for Governor 2026,15.62
DAVID HILL,DAVID HILL: A,"HILTON, STEVE | Governor","HILL, DAVID",1a0f5f62-7a3c-45d0-8b2f-13883108673b,Retired,Retired,Encinitas,CA,92024,1480425,NA,NA,NA,NA,NA,NA,Steve Hilton for Governor 2026,10
DAVID HILL,DAVID HILL: B,"HILTON, STEVE | Governor","HILL, DAVID",1a0f5f62-7a3c-45d0-8b2f-13883108673b,Retired,Retired,Hermosa Beach,CA,90254,1480425,NA,NA,NA,NA,NA,NA,Steve Hilton for Governor 2026,500
DAVID HILL,DAVID HILL,"HILTON, STEVE | Governor","HILL, DAVID",1a0f5f62-7a3c-45d0-8b2f-13883108673b,Retired,Retired,Lincoln,CA,95648,1480425,NA,NA,NA,NA,NA,NA,Steve Hilton for Governor 2026,50
DAVID HILL,DAVID HILL,"HILTON, STEVE | Governor","HILL, DAVID",1a0f5f62-7a3c-45d0-8b2f-13883108673b,Retired,Retired,Oak View,CA,93022,1480425,NA,NA,NA,NA,NA,NA,Steve Hilton for Governor 2026,50
DAVID HILL,DAVID HILL: A,"HILTON, STEVE | Governor","HILL, DAVID",1a0f5f62-7a3c-45d0-8b2f-13883108673b,Retired,Retired,Encinitas,CA,92024,1480425,NA,NA,NA,NA,NA,NA,Steve Hilton for Governor 2026,50
DAVID HILL,DAVID HILL: B,"HILTON, STEVE | Governor","HILL, DAVID",1a0f5f62-7a3c-45d0-8b2f-13883108673b,Retired,Retired,Hermosa Beach,CA,90254-2928,1480425,NA,NA,NA,NA,NA,NA,Steve Hilton for Governor 2026,2500
DAVID HILL,DAVID HILL: B,"HILTON, STEVE | Governor","HILL, DAVID",1a0f5f62-7a3c-45d0-8b2f-13883108673b,Retired,Retired,Hermosa Beach,CA,90254-2928,1480425,NA,NA,NA,NA,NA,NA,Steve Hilton for Governor 2026,4000
DAVID LAROSE,DAVID LAROSE,1380675,"LAROSE, DAVID",868d0e61-24a4-495f-b25c-8ea943aa1a35,Carnegie Robotics,Chief Scientist,Minneapolis,MN,55405-2116,1380675,6100,FALSE,TRUE,4000,2,6100,NA,NA
DAVID LAROSE,DAVID LAROSE,1380675,"LAROSE, DAVID",868d0e61-24a4-495f-b25c-8ea943aa1a35,Not Employed,Not Employed,Boerne,TX,78006-5602,1380675,6100,FALSE,TRUE,100,1,6100,NA,NA
DAVID LAROSE,DAVID LAROSE,1380675,"LAROSEE, DAVID",868d0e61-24a4-495f-b25c-8ea943aa1a35,Carnegie Robotics LLC,Chief Scientist,Minneapolis,MN,55405-2116,1380675,6100,TRUE,TRUE,2000,1,6100,NA,NA
DONALD WILLIAMS,DONALD WILLIAMS,"HILTON, STEVE | Governor","WILLIAMS, DONALD",3a0797f0-ed73-40fe-92a5-229f2ef32d0e,Retired,Retired,Ocean Shores,WA,98569,1480425,6250,FALSE,FALSE,250,1,6250,NA,NA
DONALD WILLIAMS,DONALD WILLIAMS,"HILTON, STEVE | Governor","WILLIAMS, DONALD",3a0797f0-ed73-40fe-92a5-229f2ef32d0e,Retired,Retired,San Diego,CA,92119,1480425,6250,FALSE,FALSE,6000,3,6250,NA,NA
DR. ROBERT COLLINS,DR. ROBERT COLLINS,"HILTON, STEVE | Governor","COLLINS, DR. ROBERT",72bc6d93-8822-4987-8da8-2bb1326b3131,Self Employed - Dr Robert F. Collins,Physician,Bell Canyon,CA,91307,1480425,5000,FALSE,FALSE,4000,1,5000,NA,NA
DR. ROBERT COLLINS,DR. ROBERT COLLINS,"HILTON, STEVE | Governor","COLLINS, DR. ROBERT",72bc6d93-8822-4987-8da8-2bb1326b3131,Self Employed - Dr Robert F. Collins,Physician,Los Angeles,CA,91606,1480425,5000,FALSE,FALSE,1000,1,5000,NA,NA
GEOFFREY WELLS,GEOFFREY WELLS,1021273,"WELLS, GEOFFREY",62483f78-118a-4c3f-82fd-340815f7646c,"Greene, Broillet & Wheeler, LLP",Attorney,El Segundo,CA,90245,1021273,6700,FALSE,FALSE,300,3,6700,NA,NA
GEOFFREY WELLS,GEOFFREY WELLS,1021273,"WELLS, GEOFFREY",62483f78-118a-4c3f-82fd-340815f7646c,"Greene, Broillet & Wheeler, LLP",Attorney,Santa Monica,CA,90401,1021273,6700,FALSE,FALSE,6400,17,6700,NA,NA
HECTOR FLORES,HECTOR FLORES: A,"BECERRA, XAVIER | Governor","FLORES, HECTOR",445624e5-53be-40ae-8f71-e5ef1a20dff3,Family Care Specialists Medical Group,Physician,Whittier,CA,90604-4015,1480025,NA,NA,NA,NA,NA,NA,Becerra for Governor 2026,100
HECTOR FLORES,HECTOR FLORES: A,"BECERRA, XAVIER | Governor","FLORES, HECTOR",445624e5-53be-40ae-8f71-e5ef1a20dff3,Family Care Specialists Medical Group,Physician,Whittier,CA,90604-4015,1480025,NA,NA,NA,NA,NA,NA,Becerra for Governor 2026,2500
HECTOR FLORES,HECTOR FLORES: A,"BECERRA, XAVIER | Governor","FLORES, HECTOR",445624e5-53be-40ae-8f71-e5ef1a20dff3,Altais Family Care Specialists,Physician,Whittier,CA,90604-4015,1480025,NA,NA,NA,NA,NA,NA,Becerra for Governor 2026,5000
HECTOR FLORES,HECTOR FLORES: A,"BECERRA, XAVIER | Governor","FLORES, HECTOR",445624e5-53be-40ae-8f71-e5ef1a20dff3,Altais Family Care Specialists,Physician,Whittier,CA,90604-4015,1480025,NA,NA,NA,NA,NA,NA,Becerra for Governor 2026,2500
HECTOR FLORES,HECTOR FLORES: A,"BECERRA, XAVIER | Governor","FLORES, HECTOR",445624e5-53be-40ae-8f71-e5ef1a20dff3,Altais Family Care Specialists,Physician,Whittier,CA,90604-4015,1480025,NA,NA,NA,NA,NA,NA,Becerra for Governor 2026,1000
HECTOR FLORES,HECTOR FLORES: A,"BECERRA, XAVIER | Governor","FLORES, HECTOR",445624e5-53be-40ae-8f71-e5ef1a20dff3,Altais,Physician,Whittier,CA,90604-4015,1480025,NA,NA,NA,NA,NA,NA,Becerra for Governor 2026,346.71
HECTOR FLORES,HECTOR FLORES: A,"BECERRA, XAVIER | Governor","FLORES, HECTOR",445624e5-53be-40ae-8f71-e5ef1a20dff3,Altais,Physician,Whittier,CA,90604-4015,1480025,NA,NA,NA,NA,NA,NA,Becerra for Governor 2026,1000
HECTOR FLORES,HECTOR FLORES: A,"BECERRA, XAVIER | Governor","FLORES, HECTOR",445624e5-53be-40ae-8f71-e5ef1a20dff3,Altais,Physician,Whittier,CA,90604-4015,1480025,NA,NA,NA,NA,NA,NA,Becerra for Governor 2026,92.49
HECTOR FLORES,HECTOR FLORES: A,"BECERRA, XAVIER | Governor","FLORES, HECTOR",445624e5-53be-40ae-8f71-e5ef1a20dff3,Altais Family Care Specialists,Physician,Whittier,CA,90604-4015,1480025,NA,NA,NA,NA,NA,NA,Becerra for Governor 2026,500
HECTOR FLORES,HECTOR FLORES: B,"BECERRA, XAVIER | Governor","FLORES, HECTOR",445624e5-53be-40ae-8f71-e5ef1a20dff3,Not Employed,Not Employed,Duncanville,TX,75137-3549,1480025,NA,NA,NA,NA,NA,NA,Becerra for Governor 2026,100
HECTOR FLORES,HECTOR FLORES,"BECERRA, XAVIER | Governor","FLORES, HECTOR",445624e5-53be-40ae-8f71-e5ef1a20dff3,Altais Medical Group,Physician,Whittier,CA,90604-4015,1480025,NA,NA,NA,NA,NA,NA,Becerra for Governor 2026,10000
HECTOR FLORES,HECTOR FLORES,"BECERRA, XAVIER | Governor","FLORES, HECTOR",445624e5-53be-40ae-8f71-e5ef1a20dff3,Altais Medical Group,Physician,Whittier,CA,90604-4015,1480025,NA,NA,NA,NA,NA,NA,Becerra for Governor 2026,1000
JAMES HALL,JAMES HALL: D,"HILTON, STEVE | Governor","HALL, JAMES",e4a6af17-e19a-4e1d-88a6-a83dcee678f0,Retired,Retired,Gilbert,AZ,85233,1480425,NA,NA,NA,NA,NA,NA,Steve Hilton for Governor 2026,25.78
JAMES HALL,JAMES HALL: A,"HILTON, STEVE | Governor","HALL, JAMES",e4a6af17-e19a-4e1d-88a6-a83dcee678f0,Drilling & Production Co,Executive,Palos Verdes Estates,CA,90274,1480425,NA,NA,NA,NA,NA,NA,Steve Hilton for Governor 2026,100
JAMES HALL,JAMES HALL: D,"HILTON, STEVE | Governor","HALL, JAMES",e4a6af17-e19a-4e1d-88a6-a83dcee678f0,Retired,Retired,Gilbert,AZ,85233,1480425,NA,NA,NA,NA,NA,NA,Steve Hilton for Governor 2026,44.44
JAMES HALL,JAMES HALL: B,"HILTON, STEVE | Governor","HALL, JAMES",e4a6af17-e19a-4e1d-88a6-a83dcee678f0,N/A,Information Requested,Midland,TX,79702,1480425,NA,NA,NA,NA,NA,NA,Steve Hilton for Governor 2026,5000
JAMES HALL,JAMES HALL: C,"HILTON, STEVE | Governor","HALL, JAMES",e4a6af17-e19a-4e1d-88a6-a83dcee678f0,Retired,Retired,Dunnellon,FL,34433,1480425,NA,NA,NA,NA,NA,NA,Steve Hilton for Governor 2026,100
JAMES HALL,JAMES HALL,"HILTON, STEVE | Governor","HALL, JAMES",e4a6af17-e19a-4e1d-88a6-a83dcee678f0,N/A,N/A,Millersville,PA,17551,1480425,NA,NA,NA,NA,NA,NA,Steve Hilton for Governor 2026,200
JAMES HALL,JAMES HALL: D,"HILTON, STEVE | Governor","HALL, JAMES",e4a6af17-e19a-4e1d-88a6-a83dcee678f0,Retired,Retired,Gilbert,AZ,85233,1480425,NA,NA,NA,NA,NA,NA,Steve Hilton for Governor 2026,25.94
JAMES HALL,JAMES HALL: A,"HILTON, STEVE | Governor","HALL, JAMES",e4a6af17-e19a-4e1d-88a6-a83dcee678f0,Drilling & Production Co,Executive,Palos Verdes Estates,CA,90274,1480425,NA,NA,NA,NA,NA,NA,Steve Hilton for Governor 2026,200
JAMES KING,JAMES KING,"HILTON, STEVE | Governor","KING, JAMES",3ae0e797-784d-4ef6-908f-3d3018c7dee9,Centaurus Financial,Corporate Officer,Santa Ana,CA,92705,1480425,7550,FALSE,FALSE,7500,2,7550,NA,NA
JAMES KING,JAMES KING,"HILTON, STEVE | Governor","KING, JAMES",3ae0e797-784d-4ef6-908f-3d3018c7dee9,Retired,Retired,Huntington Beach,CA,92646,1480425,7550,FALSE,FALSE,50,2,7550,NA,NA
JAMES R RAMOS,JAMES R RAMOS,"BECERRA, XAVIER | Governor","RAMOS, JAMES",a86a2dc4-2e3b-429a-bb83-4e3c41fc2713,California State Assembly,Assemblyman,Highland,CA,92346-1847,1480025,49200,FALSE,FALSE,10000,1,49200,NA,NA
JAMES R RAMOS,JAMES R RAMOS,"BECERRA, XAVIER | Governor","RAMOS, JAMES",a86a2dc4-2e3b-429a-bb83-4e3c41fc2713,State of California,Assembly Member,Highland,CA,92346-1847,1480025,49200,FALSE,FALSE,39200,1,49200,NA,NA
JOHN DAVIS,JOHN DAVIS,"HILTON, STEVE | Governor","DAVIS, JOHN",998f6e0f-105f-40b7-9c4f-f89221fe09c9,"Club Auto Sport and TMFC, Inc.",Owner,San Jose,CA,95112,1480425,6483.85,TRUE,FALSE,4702.18,1,5002.18,NA,NA
JOHN DAVIS,JOHN DAVIS,"HILTON, STEVE | Governor","DAVIS, JOHN",998f6e0f-105f-40b7-9c4f-f89221fe09c9,Davis Truck Painting Inc,Small Business owner,West Sacramento,CA,95691,1480425,6483.85,TRUE,FALSE,100,1,5002.18,NA,NA
JOHN DAVIS,JOHN DAVIS,"HILTON, STEVE | Governor","DAVIS, JOHN",998f6e0f-105f-40b7-9c4f-f89221fe09c9,Retired,Retired,San Diego,CA,92101,1480425,6483.85,TRUE,FALSE,200,1,5002.18,NA,NA
JOHN DAVIS,JOHN DAVIS: G,1268914,"DAVIS, JOHN",998f6e0f-105f-40b7-9c4f-f89221fe09c9,Retired,Retired,San Diego,CA,92101,1268914,NA,NA,NA,NA,NA,NA,Reform California with Carl DeMaio - Ballot Measure Committee,100
JOHN DAVIS,JOHN DAVIS: F,1268914,"DAVIS, JOHN",998f6e0f-105f-40b7-9c4f-f89221fe09c9,Retired,Retired,Penn Valley,CA,95946,1268914,NA,NA,NA,NA,NA,NA,Reform California with Carl DeMaio - Ballot Measure Committee,1041.98
JOHN DAVIS,JOHN DAVIS: F,1268914,"DAVIS, JOHN",998f6e0f-105f-40b7-9c4f-f89221fe09c9,Retired,Retired,Penn Valley,CA,95946,1268914,NA,NA,NA,NA,NA,NA,Reform California with Carl DeMaio - Ballot Measure Committee,5000
JOHN DAVIS,JOHN DAVIS,1268914,"DAVIS, JOHN",998f6e0f-105f-40b7-9c4f-f89221fe09c9,Retired,Retired,San Francisco,CA,94109,1268914,NA,NA,NA,NA,NA,NA,Reform California with Carl DeMaio - Ballot Measure Committee,52.4
JOHN DAVIS,JOHN DAVIS,1268914,"DAVIS, JOHN",998f6e0f-105f-40b7-9c4f-f89221fe09c9,Retired,Retired,San Francisco,CA,94109,1268914,NA,NA,NA,NA,NA,NA,Reform California with Carl DeMaio - Ballot Measure Committee,36.77
JOHN DAVIS,JOHN DAVIS,1268914,"DAVIS, JOHN",998f6e0f-105f-40b7-9c4f-f89221fe09c9,Retired,Retired,San Francisco,CA,94109,1268914,NA,NA,NA,NA,NA,NA,Reform California with Carl DeMaio - Ballot Measure Committee,26.35
JOHN LAKE,JOHN LAKE,"HILTON, STEVE | Governor","LAKE, JOHN",8df46f71-2721-476d-9705-94210db90e8d,Prochorus LLC,Manager,Bakersfield,CA,93309,1480425,12526.029999999999,FALSE,FALSE,12500,2,12526.03,NA,NA
JOHN LAKE,JOHN LAKE,"HILTON, STEVE | Governor","LAKE, JOHN",8df46f71-2721-476d-9705-94210db90e8d,Retired,Retired,Littleton,CO,80129,1480425,12526.029999999999,FALSE,FALSE,26.03,1,12526.03,NA,NA
JOHN MCENTEE,JOHN MCENTEE: A,"HILTON, STEVE | Governor","MCENTEE, JOHN",6842e3f8-c43a-4936-866c-8dbdafaf827f,McEntee Group,Business Owner,Fullerton,CA,92831,1480425,NA,NA,NA,NA,NA,NA,Steve Hilton for Governor 2026,39200
JOHN MCENTEE,JOHN MCENTEE,"HILTON, STEVE | Governor","MCENTEE, JOHN",6842e3f8-c43a-4936-866c-8dbdafaf827f,McEntee Group,Business Owner,Anaheim,CA,92807,1480425,NA,NA,NA,NA,NA,NA,Steve Hilton for Governor 2026,5000
JOHN MOORE,JOHN MOORE: G,"HILTON, STEVE | Governor","MOORE, JOHN",c891b904-4105-45f6-86cb-a95a51df1a7a,Retired,Retired,Monte Sereno,CA,95030,1480425,NA,NA,NA,NA,NA,NA,Steve Hilton for Governor 2026,200
JOHN MOORE,JOHN MOORE: E,"HILTON, STEVE | Governor","MOORE, JOHN",c891b904-4105-45f6-86cb-a95a51df1a7a,Retired,Retired,Livermore,CA,94550,1480425,NA,NA,NA,NA,NA,NA,Steve Hilton for Governor 2026,2000
JOHN MOORE,JOHN MOORE: A,"HILTON, STEVE | Governor","MOORE, JOHN",c891b904-4105-45f6-86cb-a95a51df1a7a,Retired,Retired,Augusta,KS,67010,1480425,NA,NA,NA,NA,NA,NA,Steve Hilton for Governor 2026,100
JOHN MOORE,JOHN MOORE: E,"HILTON, STEVE | Governor","MOORE, JOHN",c891b904-4105-45f6-86cb-a95a51df1a7a,Retired,Retired,Livermore,CA,94550,1480425,NA,NA,NA,NA,NA,NA,Steve Hilton for Governor 2026,1000
JOHN MOORE,JOHN MOORE: D,"HILTON, STEVE | Governor","MOORE, JOHN",c891b904-4105-45f6-86cb-a95a51df1a7a,N/A,N/A,Temecula,CA,92592,1480425,NA,NA,NA,NA,NA,NA,Steve Hilton for Governor 2026,100
JOHN MOORE,JOHN MOORE: E,"HILTON, STEVE | Governor","MOORE, JOHN",c891b904-4105-45f6-86cb-a95a51df1a7a,Retired,Retired,Livermore,CA,94550,1480425,NA,NA,NA,NA,NA,NA,Steve Hilton for Governor 2026,2500
JOHN MOORE,JOHN MOORE: C,"HILTON, STEVE | Governor","MOORE, JOHN",c891b904-4105-45f6-86cb-a95a51df1a7a,Moore-Newton Quality Hardwoods Corp.,Ceo,San Leandro,CA,94577,1480425,NA,NA,NA,NA,NA,NA,Steve Hilton for Governor 2026,104.1
JOHN MOORE,JOHN MOORE: B,"HILTON, STEVE | Governor","MOORE, JOHN",c891b904-4105-45f6-86cb-a95a51df1a7a,Retired,Retired,Green Valley,AZ,85614,1480425,NA,NA,NA,NA,NA,NA,Steve Hilton for Governor 2026,10.41
JOHN MOORE,JOHN MOORE: F,"HILTON, STEVE | Governor","MOORE, JOHN",c891b904-4105-45f6-86cb-a95a51df1a7a,Retired,Retired,Los Gatos,CA,95030,1480425,NA,NA,NA,NA,NA,NA,Steve Hilton for Governor 2026,520.51
JOHN MOORE,JOHN MOORE: B,"HILTON, STEVE | Governor","MOORE, JOHN",c891b904-4105-45f6-86cb-a95a51df1a7a,Retired,Retired,Green Valley,AZ,85614,1480425,NA,NA,NA,NA,NA,NA,Steve Hilton for Governor 2026,5.21
JOHN MOORE,JOHN MOORE: B,"HILTON, STEVE | Governor","MOORE, JOHN",c891b904-4105-45f6-86cb-a95a51df1a7a,Retired,Retired,Green Valley,AZ,85614,1480425,NA,NA,NA,NA,NA,NA,Steve Hilton for Governor 2026,104.1
JOHN MOORE,JOHN MOORE: B,"HILTON, STEVE | Governor","MOORE, JOHN",c891b904-4105-45f6-86cb-a95a51df1a7a,Retired,Retired,Green Valley,AZ,85614,1480425,NA,NA,NA,NA,NA,NA,Steve Hilton for Governor 2026,21.09
JOHN MOORE,JOHN MOORE: B,"HILTON, STEVE | Governor","MOORE, JOHN",c891b904-4105-45f6-86cb-a95a51df1a7a,Retired,Retired,Green Valley,AZ,85614,1480425,NA,NA,NA,NA,NA,NA,Steve Hilton for Governor 2026,26.03
JOHN MOORE,JOHN MOORE: F,"HILTON, STEVE | Governor","MOORE, JOHN",c891b904-4105-45f6-86cb-a95a51df1a7a,Retired,Retired,Los Gatos,CA,95030,1480425,NA,NA,NA,NA,NA,NA,Steve Hilton for Governor 2026,40
JOHN MOORE,JOHN MOORE: E,"HILTON, STEVE | Governor","MOORE, JOHN",c891b904-4105-45f6-86cb-a95a51df1a7a,Retired,Retired,Livermore,CA,94550,1480425,NA,NA,NA,NA,NA,NA,Steve Hilton for Governor 2026,1041.02
JOHN MOORE,JOHN MOORE,"HILTON, STEVE | Governor","MOORE, JOHN",c891b904-4105-45f6-86cb-a95a51df1a7a,N/A,N/A,Thousand Oaks,CA,91362,1480425,NA,NA,NA,NA,NA,NA,Steve Hilton for Governor 2026,30
JOHN ROGERS,JOHN ROGERS,"BECERRA, XAVIER | Governor","ROGERS, JOHN",58abe33e-70d8-4680-9bf7-4deaa3756050,"Keysight, Inc.",Optical Engineer,Monrovia,CA,91016-1504,1480025,5050,FALSE,FALSE,50,2,5050,NA,NA
JOHN ROGERS,JOHN ROGERS,"BECERRA, XAVIER | Governor","ROGERS, JOHN",58abe33e-70d8-4680-9bf7-4deaa3756050,Tower Energy,President,Palos Verdes Estates,CA,90274-1453,1480025,5050,FALSE,FALSE,5000,1,5050,NA,NA
JOSEPH J. PARRA,JOSEPH J. PARRA,1039318,"PARRA, JOSEPH J.",68e572ac-d09c-4df6-a6c4-d2da101ea34c,Bay Point Control,Building Trades Journeyperson,Fairfield,CA,94534,1039318,11005,FALSE,FALSE,7951.580000000002,20,11005.000000000002,NA,NA
JOSEPH J. PARRA,JOSEPH J. PARRA,1039318,"PARRA, JOSEPH J.",68e572ac-d09c-4df6-a6c4-d2da101ea34c,Marina Mechanical Services,Building Trades Journeyperson,Fairfield,CA,94534,1039318,11005,FALSE,FALSE,3053.4199999999996,7,11005.000000000002,NA,NA
JULES BUENABENTA,JULES BUENABENTA,"BECERRA, XAVIER | Governor","BUENABENTA, JULES",0026bc1e-63d8-4d43-8961-3c8f71eaf08b,Future in Tech,Executive,Los Angeles,CA,90049-5635,1480025,41700,FALSE,FALSE,2500,1,41700,NA,NA
JULES BUENABENTA,JULES BUENABENTA,"BECERRA, XAVIER | Governor","BUENABENTA, JULES",0026bc1e-63d8-4d43-8961-3c8f71eaf08b,"Jules and Associates, Inc.",CEO,Los Angeles,CA,90071-3336,1480025,41700,FALSE,FALSE,39200,1,41700,NA,NA
KEITH M. MANSFIELD,KEITH M. MANSFIELD,1039318,"MANSFIELD, KEITH M.",a8b44fe2-6694-438d-9989-a14479df49fc,ACCO Engineered Systems,Building Trades Journeyperson,Castro Valley,CA,94546,1039318,13401.96,FALSE,FALSE,10819.779999999999,18,13401.96,NA,NA
KEITH M. MANSFIELD,KEITH M. MANSFIELD,1039318,"MANSFIELD, KEITH M.",a8b44fe2-6694-438d-9989-a14479df49fc,Southland Industries,Building Trades Journeyperson,Castro Valley,CA,94546,1039318,13401.96,FALSE,FALSE,2582.18,7,13401.96,NA,NA
M QUINN DELANEY,M QUINN DELANEY,1449477,"DELANEY, QUINN",4b267bab-bf6a-47a2-8113-46b3c558e308,NA,Philanthropist,Oakland,CA,94612,1449477,1500000,FALSE,FALSE,347500,3,847500,NA,NA
M QUINN DELANEY,M QUINN DELANEY,1449477,"DELANEY, QUINN",4b267bab-bf6a-47a2-8113-46b3c558e308,NA,Retired,Oakland,CA,94612,1449477,1500000,FALSE,FALSE,500000,1,847500,NA,NA
MARK GLEIBERMAN,MARK GLEIBERMAN,"BECERRA, XAVIER | Governor","GLEIBERMAN, MARK",037c6c7e-d416-49a3-bb97-bf63f1b098bc,MG Properties,CEO,La Jolla,CA,92037-1133,1480025,8031.71,FALSE,FALSE,3031.71,1,8031.71,NA,NA
MARK GLEIBERMAN,MARK GLEIBERMAN,"BECERRA, XAVIER | Governor","GLEIBERMAN, MARK",037c6c7e-d416-49a3-bb97-bf63f1b098bc,MG Properties,Founder,San Diego,CA,92121-1619,1480025,8031.71,FALSE,FALSE,5000,1,8031.71,NA,NA
MICHAEL NELSON,MICHAEL NELSON: A,"HILTON, STEVE | Governor","NELSON, MICHAEL",097775a4-96c1-4408-8577-2de99d148c14,Mike's Grillhouse,Restaurant Owner,Modesto,CA,95356,1480425,NA,NA,NA,NA,NA,NA,Steve Hilton for Governor 2026,10000
MICHAEL NELSON,MICHAEL NELSON: C,"HILTON, STEVE | Governor","NELSON, MICHAEL",097775a4-96c1-4408-8577-2de99d148c14,Retired,Retired,San Francisco,CA,94122,1480425,NA,NA,NA,NA,NA,NA,Steve Hilton for Governor 2026,1000
MICHAEL NELSON,MICHAEL NELSON: B,"HILTON, STEVE | Governor","NELSON, MICHAEL",097775a4-96c1-4408-8577-2de99d148c14,Retired,Retired,Petaluma,CA,94952,1480425,NA,NA,NA,NA,NA,NA,Steve Hilton for Governor 2026,100
MICHAEL NELSON,MICHAEL NELSON,"HILTON, STEVE | Governor","NELSON, MICHAEL",097775a4-96c1-4408-8577-2de99d148c14,Retired,Retired,Atwater,CA,95301,1480425,NA,NA,NA,NA,NA,NA,Steve Hilton for Governor 2026,26.03
MICHAEL NELSON,MICHAEL NELSON: B,"HILTON, STEVE | Governor","NELSON, MICHAEL",097775a4-96c1-4408-8577-2de99d148c14,Retired,Retired,Petaluma,CA,94952,1480425,NA,NA,NA,NA,NA,NA,Steve Hilton for Governor 2026,200
PATRICIA WILLIAMS,PATRICIA WILLIAMS,1026634,"WILLIAMS, PATRICIA",21358921-69a8-4e0b-8e4c-f824b231f596,Fremont Hospital,Chief Executive Officer,Fremont,CA,94538,1026634,10000,FALSE,FALSE,5000,1,10000,NA,NA
PATRICIA WILLIAMS,PATRICIA WILLIAMS,1026634,"WILLIAMS, PATRICIA",21358921-69a8-4e0b-8e4c-f824b231f596,Fremont Hospital,Chief Executive Officer,Pleasanton,CA,94566,1026634,10000,FALSE,FALSE,5000,1,10000,NA,NA
PAUL WILLIAMS,PAUL WILLIAMS,1071446,"WILLIAMS, PAUL",80ea34c2-5e18-488f-b05a-8880dae71ecc,None,Retired,Santa Monica,CA,90405,1071446,7530,FALSE,FALSE,2500,1,7530,NA,NA
PAUL WILLIAMS,PAUL WILLIAMS,1071446,"WILLIAMS, PAUL",80ea34c2-5e18-488f-b05a-8880dae71ecc,PC Williams 2020 LLC,Co-Founder,Los Angeles,CA,90049,1071446,7530,FALSE,FALSE,5030,1,7530,NA,NA
RAUL AYALA,RAUL AYALA: B,"BECERRA, XAVIER | Governor","AYALA, RAUL",5a916d11-537a-4201-8ccc-6503fdd383fd,Not Employed,Not Employed,Sierra Madre,CA,91024-1018,1480025,NA,NA,NA,NA,NA,NA,Becerra for Governor 2026,250
RAUL AYALA,RAUL AYALA: A,"BECERRA, XAVIER | Governor","AYALA, RAUL",5a916d11-537a-4201-8ccc-6503fdd383fd,Adventist Health,Manager,Fresno,CA,93730-0740,1480025,NA,NA,NA,NA,NA,NA,Becerra for Governor 2026,100
RAUL AYALA,RAUL AYALA: A,"BECERRA, XAVIER | Governor","AYALA, RAUL",5a916d11-537a-4201-8ccc-6503fdd383fd,Adventist Health,Manager,Fresno,CA,93730-0740,1480025,NA,NA,NA,NA,NA,NA,Becerra for Governor 2026,5000
RAUL AYALA,RAUL AYALA: A,"BECERRA, XAVIER | Governor","AYALA, RAUL",5a916d11-537a-4201-8ccc-6503fdd383fd,Adventist Health,Manager,Fresno,CA,93730-0740,1480025,NA,NA,NA,NA,NA,NA,Becerra for Governor 2026,33900
RAUL AYALA,RAUL AYALA: B,"BECERRA, XAVIER | Governor","AYALA, RAUL",5a916d11-537a-4201-8ccc-6503fdd383fd,Not Employed,Not Employed,Sierra Madre,CA,91024-1018,1480025,NA,NA,NA,NA,NA,NA,Becerra for Governor 2026,500
RAUL AYALA,RAUL AYALA: B,"BECERRA, XAVIER | Governor","AYALA, RAUL",5a916d11-537a-4201-8ccc-6503fdd383fd,Self Employed,Attorney,Sierra Madre,CA,91024-1018,1480025,NA,NA,NA,NA,NA,NA,Becerra for Governor 2026,500
RAUL AYALA,RAUL AYALA,"BECERRA, XAVIER | Governor","AYALA, RAUL",5a916d11-537a-4201-8ccc-6503fdd383fd,Adventist Health,Physician,Fresno,CA,93730-0740,1480025,NA,NA,NA,NA,NA,NA,Becerra for Governor 2026,39200
RICHARD BARRETT,RICHARD BARRETT: B,"HILTON, STEVE | Governor","BARRETT, RICHARD",bc445fca-3589-4fa2-8a62-eca377e0ef1c,N/A,N/A,Newport Beach,CA,92663,1480425,NA,NA,NA,NA,NA,NA,Steve Hilton for Governor 2026,100
RICHARD BARRETT,RICHARD BARRETT: A,"HILTON, STEVE | Governor","BARRETT, RICHARD",bc445fca-3589-4fa2-8a62-eca377e0ef1c,Barrett Family Holdings,Owner,Del Monte Forest,CA,93953,1480425,NA,NA,NA,NA,NA,NA,Steve Hilton for Governor 2026,5000
RICHARD BARRETT,RICHARD BARRETT,"HILTON, STEVE | Governor","BARRETT, RICHARD",bc445fca-3589-4fa2-8a62-eca377e0ef1c,Retired,Retired,Newport Beach,CA,92663,1480425,NA,NA,NA,NA,NA,NA,Steve Hilton for Governor 2026,150
RICHARD NIDAY,RICHARD NIDAY,1039318,"NIDAY, RICHARD",2bdc97f5-6835-441c-b06d-a0b9b431364b,SMW LOCAL 104,Building Trades Journeyperson,Ventura,CA,93004,1039318,12203.849999999997,FALSE,FALSE,10216.199999999999,18,12203.849999999999,NA,NA
RICHARD NIDAY,RICHARD NIDAY,1039318,"NIDAY, RICHARD",2bdc97f5-6835-441c-b06d-a0b9b431364b,Sheet Metal Workers' Local Union No. 104,Building Trades Journeyperson,Ventura,CA,93004,1039318,12203.849999999997,FALSE,FALSE,1987.6499999999999,6,12203.849999999999,NA,NA
SHAWN SHIRALIAN,SHAWN SHIRALIAN,"HILTON, STEVE | Governor","SHIRALIAN, SHAWB",d49123f9-75e7-4009-a0b4-428b142e3ca1,Shawn Shiralian,Petroleum,Fresno,CA,93711,1480425,40307.04,TRUE,TRUE,1066.02,2,40307.03999999999,NA,NA
SHAWN SHIRALIAN,SHAWN SHIRALIAN,"HILTON, STEVE | Governor","SHIRALIAN, SHAWN",d49123f9-75e7-4009-a0b4-428b142e3ca1,Shiralian Enterprises Inc.,Owner,Fresno,CA,93711,1480425,40307.04,FALSE,TRUE,39241.02,2,40307.03999999999,NA,NA
SUSAN LEW,SUSAN LEW,1282464,"LEW, SUSAN",ac14fc44-ac0d-40dc-b1f8-b0d9805d17b0,None,Homemaker,Newport Beach,CA,92660,1282464,8976.080000000002,FALSE,FALSE,5570,6,8976.08,NA,NA
SUSAN LEW,SUSAN LEW,1282464,"LEW, SUSAN",ac14fc44-ac0d-40dc-b1f8-b0d9805d17b0,None,Homemaker,Newport Beach,CA,92660-7103,1282464,8976.080000000002,FALSE,FALSE,724.75,1,8976.08,NA,NA
SUSAN LEW,SUSAN LEW,1282464,"LEW, SUSAN",ac14fc44-ac0d-40dc-b1f8-b0d9805d17b0,None,Retired,Newport Beach,CA,92660-7103,1282464,8976.080000000002,FALSE,FALSE,2681.33,3,8976.08,NA,NA
THOMAS HARRISON,THOMAS HARRISON,"HILTON, STEVE | Governor","HARRISON, THOMAS",ba174307-5ae8-4191-a614-f5cf4e4d35be,Harvest Capital Partners LLC,Real Estate Investment,Redondo beach,CA,90277,1480425,5100,FALSE,FALSE,5000,1,5100,NA,NA
THOMAS HARRISON,THOMAS HARRISON,"HILTON, STEVE | Governor","HARRISON, THOMAS",ba174307-5ae8-4191-a614-f5cf4e4d35be,Retired,Retired,Fresno,CA,93711,1480425,5100,FALSE,FALSE,100,2,5100,NA,NA
WAYNE JORDAN,WAYNE JORDAN,1449477,"JORDAN, WAYNE",e9b7db21-cd92-4e13-9aee-0d8e45a2fc23,NA,Philanthropist,Oakland,CA,94612,1449477,837500,FALSE,FALSE,337500,2,837500,NA,NA
WAYNE JORDAN,WAYNE JORDAN,1449477,"JORDAN, WAYNE",e9b7db21-cd92-4e13-9aee-0d8e45a2fc23,NA,Retired,Oakland,CA,94612,1449477,837500,FALSE,FALSE,500000,1,837500,NA,NA
