Contributor.Name,name,jw_dist,jaccard,level3_category
United Nurses Associations of California/ Union of Health Care Professionals,UNITED NURSES ASSOCIATION OF CALIFORNIA / UNION OF HEALTH CARE PROFESSIONALS,0.0026666666666666835,NA,Health worker unions
Northern California Carpenters Regional Council (Intermediary for Unitemized Union Member Contributions),NORTHERN CAILFORNIA CARPENTERS REGIONAL COUNCIL,0.004255319148936242,NA,Construction unions
Northern California Carpenters Regional Council,NORTHERN CAILFORNIA CARPENTERS REGIONAL COUNCIL,0.004255319148936242,NA,Construction unions
Association for Los Angeles Deputy Sheriff,Association For Los Angeles Deputy Sheriffs,0.004651162790697683,NA,Police unions & associations
Elevator Constructors Local #18 (Intermediary for Unitemized Union Member Contributions),ELEVATOR CONSTRUCTORS LOCAL 8,0.006666666666666643,NA,Construction unions
Electrical Workers Local #340 (Intermediary for Unitemized Union Member Contributions),ELECTRICAL WORKERS LOCAL 304,0.0071428571428571175,NA,Electrical workers/IBEW
Fletcher Jones Motor Cars,FLETCHER JONES MOTORCARS,0.008000000000000052,NA,"Auto dealers, new & used"
"Populus Financial Group, Inc",POPULOUS FINANCIAL GROUP,0.008333333333333304,NA,Payday/Title Loans
OneMain General Service Corp.,ONEMAIN GENERAL SERVICES CORP,0.008333333333333304,NA,Mortgage bankers & brokers
Association for Los Angeles Deputy Sherrifs,Association For Los Angeles Deputy Sheriffs,0.009302325581395366,NA,Police unions & associations
Painters & Allied Trades District Council 36 (intermediary for unitemized dues),PAINTERS & ALLIED TRADES DISTRICT COUNCIL 16,0.00952380952380949,NA,Construction unions
Constellation Brand (Vincor International),CONSTELLATION BRANDS,0.009999999999999964,NA,Wine & distilled spirits manufacturing
Southern California Pipe Trades District Council No. 16,SOUTHERN CALIFORNIA PIPE TRADES DISTRICT COUNCIL 16,0.011111111111111092,NA,Construction unions
HOLT OF CALIFORNA,Holt of California,0.011111111111111092,NA,Truck & automotive parts and accessories
"Taylor Fresh Foods, Inc.",TAYLOR FRESH FOOD,0.011111111111111092,NA,"Vegetables, fruits & tree nuts"
Huntington Beach Police Officer Association,HUNTINGTON BEACH POLICE OFFICERS ASSOCIATION,0.011522198731501065,NA,Police unions & associations
Waste Connections,WASTE CONNECTION INC,0.0117647058823529,NA,Waste management
"Waste Connections, Inc.",WASTE CONNECTION INC,0.0117647058823529,NA,Waste management
California Applicants' Attorneys Association,CALIFORNIA APPLICANTS ATTORNEY ASSOCIATION,0.0117940199335548,NA,Attorneys & law firms
In-N-Out Burgers,IN-N-OUT BURGER,0.012500000000000022,NA,Restaurants & drinking establishments
Electrical Workers Local #441 (Intermediary for Unitemized Union Member Contributions),ELECTRICAL WORKERS LOCAL 440,0.014285714285714235,NA,Electrical workers/IBEW
"Land O'Lakes, Inc.",LAND O LAKES,0.01666666666666674,NA,"Dairy farmers & wholesale and retail milk, cheese and ice cream dealers"
Cement Masons Local 500 (intermediary for unitemized dues),CEMENT MASONS LOCAL 400,0.017391304347826098,NA,Construction unions
Cement Masons Local #600 (Intermediary for Unitemized Union Member Contributions),CEMENT MASONS LOCAL 400,0.017391304347826098,NA,Construction unions
"PulteGroup, Inc. and Affiliated Entities",PULTE GROUP,0.018181818181818167,NA,"Construction, unclassified"
"PULTEGROUP, INC. AND AFFILIATED ENTITIES",PULTE GROUP,0.018181818181818167,NA,"Construction, unclassified"
Professional Engineers In California Government  PECG,PROFESSIONAL ENGINEERS IN CALIFORNIA GOVERNMENT,0.019230769230769294,NA,Other unions
Plumbers & Pipefitters Local 230 (intermediary for unitemized dues),PLUMBERS & PIPEFITTER LOCAL 250,0.020229885057471274,NA,Construction unions
Operating Engineers Local #12 (Intermediary for Unitemized Union Member Contributions),OPERATING ENGINEERS LOCAL 501,0.020935960591133028,NA,Construction unions
Operating Engineers Local 12 (intermediary for unitemized dues),OPERATING ENGINEERS LOCAL 501,0.020935960591133028,NA,Construction unions
Electrical Workers Local #428 (Intermediary for Unitemized Union Member Contributions),ELECTRICAL WORKERS LOCAL 18,0.021693121693121674,NA,Electrical workers/IBEW
Electrical Workers Local #952 (Intermediary for Unitemized Union Member Contributions),ELECTRICAL WORKERS LOCAL 595,0.021693121693121674,NA,Electrical workers/IBEW
Eli Lily & Company,ELI LILLY & CO,0.022222222222222254,NA,Pharmaceutical manufacturing
"American Federation of State County & Municipal Employees, AFL-CIO",AMERICAN FEDERATION OF STATE COUNTY & MUNICIPAL EMPLOYEES / AFSCME,0.022375832053251464,NA,Federal employee unions
California School Employees Association,CALIFORNIA SCHOOL EMPLOYEES ASSOCIATION / CSEA,0.022727272727272773,NA,State & local government employee unions
AFSCME Local 2703 (intermediary for unitemized member dues),AFSCME LOCAL 2700,0.02352941176470593,NA,State & local government employee unions
AFSCME Local 10 (intermediary for unitemized member dues),AFSCME LOCAL 1902,0.02352941176470593,NA,State & local government employee unions
"Molina Healcare, Inc.",MOLINA HEALTHCARE,0.02352941176470593,NA,HMOs
Painters & Allied Trades #36 (Intermediary for Unitemized Union Member Contributions),PAINTERS & ALLIED TRADES (UNIDENTIFIABLE),0.02400000000000002,NA,Construction unions
"Shimmick Construction Co., Inc.",SHIMMICK CONSTRUCTION CO,0.025000000000000043,NA,"Public works, industrial & commercial construction"
Operating Engineers Local #3 (Intermediary for Unitemized Union Member Contributions),OPERATING ENGINEERS LOCAL 501,0.028097062579821273,NA,Construction unions
California Association of Hospitals and Health Systems,CALIFORNIA ASSOCIATION OF HOSPITALS & HEALTH SYSTEMS,0.028814814814814804,NA,Hospitals
Oxnard Federation of Teachers and School Employees (Unitemized Member Contributions),OXNARD FEDERATION OF TEACHERS & SCHOOL EMPLOYEES,0.02904347826086959,NA,Teachers unions
"International Longshore & Warehouse Union, Local 63",INTERNATIONAL LONGSHORE & WAREHOUSE UNION / ILWU LOCAL 63,0.029284591194968578,NA,Merchant marine & longshoremen unions
"ARCHER DANIELS MIDLAND COMPANY (ADM RICE, INC.)",ARCHER DANIELS MIDLAND / ADM,0.030769230769230792,NA,Food & kindred products manufacturing
C.J. Segerstrom & Sons,C J Segerstrom & Sons,0.032456140350877315,NA,Real estate developers & subdividers
C.J. SEGERSTROM & SONS,C J Segerstrom & Sons,0.032456140350877315,NA,Real estate developers & subdividers
CJ Segerstrom & Sons,C J Segerstrom & Sons,0.032456140350877315,NA,Real estate developers & subdividers
CJ SEGERSTROM & SONS,C J Segerstrom & Sons,0.032456140350877315,NA,Real estate developers & subdividers
LABORERS INTERNATIONAL UNION OF NORTH AMERICA LOCAL 89,LABORERS INTERNATIONAL UNION OF NORTH AMERICA,0.03333333333333335,NA,Construction unions
UAW Region 6 (intermediary for unitemized member dues),UAW REGION 8,0.03333333333333341,NA,Automotive Manufacturing union
Educational Employees Credit Union (Indep Expenditure Account),EDUCATIONAL EMPLOYEES CREDIT UNION FRESNO,0.034146341463414685,NA,Credit unions
AFSCME Local 1 (intermediary for unitemized member dues),AFSCME LOCAL 1902,0.03529411764705889,NA,State & local government employee unions
California Travel Association,CALIFORNIA WATER ASSOCIATION,0.03575077540594784,NA,Water utilities
AFSCME Local 257 (intermediary for unitemized member dues),AFSCME LOCAL 2700,0.036029411764705886,NA,State & local government employee unions
AFSCME Local 127,AFSCME LOCAL 1902,0.036029411764705886,NA,State & local government employee unions
AFSCME Local 1684 (intermediary for unitemized member dues),AFSCME LOCAL 685,0.036029411764705886,NA,State & local government employee unions
AFSCME Local 101 (intermediary for unitemized member dues),AFSCME LOCAL 1902,0.036029411764705886,NA,State & local government employee unions
AFSCME Local 258 (intermediary for unitemized member dues),AFSCME LOCAL 2428,0.036029411764705886,NA,State & local government employee unions
Covenant Care CA Inc,Covenant Care,0.0375,NA,Nursing homes
"AFSCME Local 3299, HED (Intermediary for Unitemized Union Member Contributions)",AFSCME LOCAL 3299,0.038095238095238154,NA,State & local government employee unions
California Association of Hospitals and Health Systems (CAHHS) NM,CALIFORNIA ASSOCIATION OF HOSPITALS & HEALTH SYSTEMS,0.03856140350877188,NA,Hospitals
"Providence Administrative Consulting Services, Inc. (PACS)",PROVIDENCE ADMINISTRATIVE CONSULTING LLC,0.040000000000000056,NA,Health care Consultants
North Monterey County Federation of Teachers (Unitemized Member Contributions),NORTH MONTEREY COUNTY FEDERATION OF TEACHERS LOCAL 4008,0.040000000000000056,NA,Teachers unions
"Providence Administrative Consulting Services, Inc.",PROVIDENCE ADMINISTRATIVE CONSULTING LLC,0.040000000000000056,NA,Health care Consultants
North Monterey County Federation of Teachers (Unitemized Member Dues),NORTH MONTEREY COUNTY FEDERATION OF TEACHERS LOCAL 4008,0.040000000000000056,NA,Teachers unions
Pacific Gas & Electric (PG&E),PACIFIC GAS & ELECTRIC / PG&E,0.040000000000000056,NA,Gas & electric utilities
California Water Service Group,CALIFORNIA WATER SERVICE CO,0.040000000000000056,NA,Water utilities
California Association of Nurse Anesthesiology,CALIFORNIA ASSOCIATION OF NURSE ANESTHETISTS,0.04025354285163409,NA,Nurses
"EAST WEST BANK AND E-W SERVICES, INC.",EAST WEST BANK & E-W SERVICES,0.04062126642771802,NA,Commercial banks & bank holding companies
"Cotchett, Pitre & McCarthy, LLP",COTCHETT PITRE SIMON & MCCARTHY,0.0413793103448276,NA,Attorneys & law firms
Elevator Constructors #8 (Intermediary for Unitemized Union Member Contributions),ELEVATOR CONSTRUCTORS LOCAL 8,0.0413793103448276,NA,Construction unions
California Charter Schools Association Advocates,CALIFORNIA CHARTER SCHOOLS ASSOCIATION,0.04166666666666671,NA,School Choice Advocates
CALIFORNIA CHARTER SCHOOLS ASSOCIATION ADVOCATES,CALIFORNIA CHARTER SCHOOLS ASSOCIATION,0.04166666666666671,NA,School Choice Advocates
Motor Vehicle Software Corporation dba VITU,MOTOR VEHICLE SOFTWARE CORPORATION,0.041860465116279076,NA,Data processing & computer services
Plumbers & Fitters Local #447 (Intermediary for Unitemized Union Member Contributions),PLUMBERS & PIPEFITTERS LOCAL 447,0.0420512820512821,NA,Construction unions
Plumbers & Fitters Local #467 (Intermediary for Unitemized Union Member Contributions),PLUMBERS & PIPEFITTERS LOCAL 467,0.0420512820512821,NA,Construction unions
Plumbers & Fitters Local #364 (Intermediary for Unitemized Union Member Contributions),PLUMBERS & PIPEFITTERS LOCAL 364,0.0420512820512821,NA,Construction unions
Plumbers & Fitters Local #761 (Intermediary for Unitemized Union Member Contributions),PLUMBERS & PIPEFITTERS LOCAL 761,0.0420512820512821,NA,Construction unions
"Ernst Law Group, ALC",ERNST LAW GROUP,0.04210526315789473,NA,Attorneys & law firms
Ernst & Young U.S. LLP,ERNST & YOUNG,0.0428571428571429,NA,Accountants
ERNST & YOUNG U.S. LLP,ERNST & YOUNG,0.0428571428571429,NA,Accountants
Plumbers & Fitters Local #78 (Intermediary for Unitemized Union Member Contributions),PLUMBERS & PIPEFITTERS LOCAL 78,0.043586206896551724,NA,Construction unions
Plumbers & Fitters Local #38 (Intermediary for Unitemized Union Member Contributions),PLUMBERS & PIPEFITTERS LOCAL 38,0.043586206896551724,NA,Construction unions
Western United Dairymen,WESTERN UNITED DAIRIES,0.04426877470355735,NA,"Dairy farmers & wholesale and retail milk, cheese and ice cream dealers"
National Union of Healthcare (intermediary for unitemized member dues),NATIONAL UNION OF HEALTHCARE WORKERS,0.04444444444444451,NA,Health worker unions
Sprinkler Fitters Local #483 (Intermediary for Unitemized Union Member Contributions),SPRINKLER FITTERS LOCAL 709,0.04444444444444451,NA,Construction unions
Laborers Local #652 (Intermediary for Unitemized Union Member Contributions),LABORERS LOCAL 220,0.04444444444444451,NA,Construction unions
Sprinkler Fitters Local 483 (represents unitemized member dues),SPRINKLER FITTERS LOCAL 709,0.04444444444444451,NA,Construction unions
McGuire and Hester,MCGUIRE & HESTER,0.04444444444444451,NA,Attorneys & law firms
McGuire and Hester (RUA),MCGUIRE & HESTER,0.04444444444444451,NA,Attorneys & law firms
Mcguire And Hester,MCGUIRE & HESTER,0.04444444444444451,NA,Attorneys & law firms
Laborers International Union of North America Local No. 220,LABORERS INTERNATIONAL UNION OF NORTH AMERICA,0.04482758620689653,NA,Construction unions
San Jose/Evergreen Faculty Association (Unitemized Member Contributions),SAN JOSE / EVERGREEN FACULTY ASSOCIATION LOCAL 6157,0.04489795918367352,NA,Teachers unions
"McCarthy Building Companies, Inc. RUA",MCCARTHY BUILDING COMPANIES,0.04571428571428575,NA,"Public works, industrial & commercial construction"
SDI International Corporation,KIM INTERNATIONAL CORPORATION,0.04597701149425304,NA,"Marijuana Production, Sales & Paraphernalia"
"Baron & Budd, PC",BARON & BUDD,0.046153846153846184,NA,Attorneys & law firms
Pajaro Valley Federation of Teachers (Unitemized Member Contributions),PAJARO VALLEY FEDERATION OF TEACHERS LOCAL 1936,0.04680851063829794,NA,Teachers unions
"Shernoff, Bidart & Echeverria, LLP",SHERNOFF BIDART ECHEVERRIA BENTLEY LLP,0.0470588235294118,NA,Attorneys & law firms
"Stacy and Witbeck, Inc.",STACY & WITBECK,0.0470588235294118,NA,"Public works, industrial & commercial construction"
"Stacy and Witbeck, Inc (Restricted Use Account)",STACY & WITBECK,0.0470588235294118,NA,"Public works, industrial & commercial construction"
Union of American Physicians & Dentists (Intermediary for unitemized union member contributions),UNION OF AMERICA PHYSICIANS & DENTISTS,0.04707207207207207,NA,Health worker unions
Pacific Life Insurance Company,PACIFC LIFE INSURANCE,0.04718614718614717,NA,Life insurance
"LEWIS MANAGEMENT CORP., AND AFFILIATED ENTITIES",LEWIS MANAGEMENT CORP,0.04761904761904765,NA,Real estate developers & subdividers
FMS MANAGEMENT AND AFFILIATED ENTITIES,EMS MANAGEMENT,0.04761904761904767,NA,Health care services
Newport-Mesa Federation of Teachers (Unitemized Member Contributions),NEWPORT MESA FEDERATION OF TEACHERS LOCAL 1794,0.047826086956521685,NA,Teachers unions
Cerritos College Faculty Federation (Unitemized Member Contributions),CERRITOS COLLEGE FACULTY FEDERATION LOCAL 6215,0.047826086956521685,NA,Teachers unions
State Center Federation of Teachers (Unitemized Member Contributions),STATE CENTER FEDERATION OF TEACHERS LOCAL 1533,0.047826086956521685,NA,Teachers unions
Newport Mesa Federation of Teachers (Unitemized Member Contributions),NEWPORT MESA FEDERATION OF TEACHERS LOCAL 1794,0.047826086956521685,NA,Teachers unions
First Northern Bank - Dixon,First Northern Bank,0.04800000000000004,NA,Commercial banks & bank holding companies
California Association of Sheet Metal & Air Conditioning Contractors National Association,CALIFORNIA ASSOCIATION OF SHEET METAL & AIR CONDITIONING CONTRACTORS,0.048275862068965524,NA,"Plumbing, heating & air conditioning"
Specialty Solid Waste and Recycling,Specialty Solid Waste & Recycling,0.04866359447004611,NA,Waste management
AFSCME Local 146 (intermediary for unitemized member dues),AFSCME LOCAL 3634,0.049362745098039305,NA,State & local government employee unions
United Health Group Inc.,UNITEDHEALTH GROUP,0.04941520467836258,NA,Accident & health insurance
Elevator Constructors #18 (Intermediary for Unitemized Union Member Contributions),ELEVATOR CONSTRUCTORS LOCAL 8,0.0497126436781609,NA,Construction unions
"Bentley and More, LLP",BENTLEY & MORE,0.050000000000000024,NA,Attorneys & law firms
El Camino Federation of Teachers (Unitemized Member Contributions),EL CAMINO FEDERATION OF TEACHERS LOCAL 1388,0.05116279069767444,NA,Teachers unions
El Rancho Federation of Teachers (Unitemized Member Contributions),EL RANCHO FEDERATION OF TEACHERS LOCAL 3467,0.05116279069767444,NA,Teachers unions
El Rancho Federation of Teachers (Unitemized Member Dues),EL RANCHO FEDERATION OF TEACHERS LOCAL 3467,0.05116279069767444,NA,Teachers unions
Plumbers & Fitters Local #398 (Intermediary for Unitemized Union Member Contributions),PLUMBERS & PIPEFITTERS LOCAL 38,0.05127851458885946,NA,Construction unions
California Nut Company LLC(George Tavernas),CALIFORNIA PRINT,0.051785714285714234,NA,Commercial printing & typesetting
Berkeley Federation of Teachers (Unitemized Member Contributions),BERKELEY FEDERATION OF TEACHERS LOCAL 1078,0.052380952380952396,NA,Teachers unions
"Takeda Pharmaceuticals America, Inc.",TAKEDA PHARMACEUTICALS,0.053333333333333344,NA,Pharmaceutical manufacturing
Takeda Pharmaceuticals America Inc.,TAKEDA PHARMACEUTICALS,0.053333333333333344,NA,Pharmaceutical manufacturing
Peralta Federation of Teachers (Unitemized Member Contributions),PERALTA FEDERATION OF TEACHERS LOCAL 1603,0.05365853658536594,NA,Teachers unions
Carpenter & Zuckerman LLP (John Carpenter),"CARPENTER, ZUCKERMAN & ROWLEY",0.053846153846153856,NA,Attorneys & law firms
D+H Construction,HD CONSTRUCTION,0.054166666666666696,NA,"Construction, unclassified"
"Silver Oak Wine Cellars (Sausal, Twomey)",Silver Oak Cellars,0.0545893719806763,NA,Wine & distilled spirits manufacturing
United Teachers Los Angeles - UTLA,UNITED TEACHERS LOS ANGELES LOCAL 1021,0.05460526315789469,NA,Teachers unions
Lompoc Federation of Teachers (Unitemized Member Contributions),LOMPOC FEDERATION OF TEACHERS LOCAL 3151,0.055,NA,Teachers unions
Novato Federation of Teachers (Unitemized Member Contributions),NOVATO FEDERATION OF TEACHERS LOCAL 1986,0.055,NA,Teachers unions
HOD CARRIERS AND LABORERS LOCAL 783,HOD CARRIERS & GENERAL LABORERS LOCAL 783,NA,0.7142857142857143,Construction unions
SANTA YNEZ BAND OF MISSION INDIANS,SANTA YNEZ BAND OF CHUMASH MISSION INDIANS,NA,0.8571428571428571,Native American tribes & governing units
State Building and Construction Trades Council of California,STATE BUILDING & CONSTRUCTION TRADES COUNCIL OF CALIFORNIA,NA,0.875,Construction unions
Sacramento County Probation Association,SACRAMENTO COUNTY PROBATION OFFICERS ASSOCIATION,NA,0.8,Parole and probation unions and associations
AFSCME District Council 36,AFSCME CALIFORNIA DISTRICT COUNCIL 36,NA,0.8,State & local government employee unions
Sheet Metal Local #206 (Intermediary for Unitemized Union Member Contributions),SHEET METAL WORKERS LOCAL 206,NA,0.8,Construction unions
United Nurses Association of CA/Union of Health Care Professionals (Intermediary for Unitemized Union Member Contributions),UNITED NURSES ASSOCIATION OF CALIFORNIA / UNION OF HEALTH CARE PROFESSIONALS,NA,0.8,Health worker unions
E & J Gallo Winery,E & J GALLO,NA,0.75,Wine & distilled spirits manufacturing
San Francisco Community College District Federation of Teachers (Unitemized Member Contributions),SAN FRANCISCO COMMUNITY COLLEGE FEDERATION OF TEACHERS LOCAL 2121,NA,0.7,Teachers unions
American Pistachio Growers,AMERICAN PISTACHIO GROWERS CALIFORNIA,NA,0.75,"Vegetables, fruits & tree nuts"
American Pistachio Growers(Admin Account),AMERICAN PISTACHIO GROWERS CALIFORNIA,NA,0.75,"Vegetables, fruits & tree nuts"
California Life Sciences,CALIFORNIA LIFE SCIENCES ASSOCIATION,NA,0.75,Biotech products & research
Word & Brown Insurance Inc.,WORD & BROWN INSURANCE ADMINISTRATORS,NA,0.75,Accident & health insurance
Orange County Association of Health Underwriters,ORANGE COUNTY ASSOCIATION OF HEALTH FACILITIES,NA,0.7142857142857143,Health care institutions
Safe 1 Credit Union (Indep Expenditure Account),SAFE CREDIT UNION,NA,0.75,Credit unions
Roofers Local #36 (Intermediary for Unitemized Union Member Contributions),ROOFERS & WATERPROOFERS LOCAL 36,NA,0.75,Construction unions
Blue Shield of California,BLUE CROSS BLUE SHIELD OF CALIFORNIA,NA,0.8,Accident & health insurance
Santa Ynez Band Of Mission Indians,SANTA YNEZ BAND OF CHUMASH MISSION INDIANS,NA,0.8571428571428571,Native American tribes & governing units
California Association of Hospitals and Health Systems (CAHHS) Administrative,CALIFORNIA ASSOCIATION OF HOSPITALS & HEALTH SYSTEMS,NA,0.75,Hospitals
Pechanga Band of Luiseno Indians,PECHANGA BAND OF LUISENO MISSION INDIANS,NA,0.8333333333333334,Native American tribes & governing units
David D. Bohannon and affiliated entities,David D Bohannon Organization,NA,0.75,Real estate developers & subdividers
San Diego County Credit Union,SAN DIEGO CREDIT UNION,NA,0.8,Credit unions
Santa Ynez Band of Mission Indians,SANTA YNEZ BAND OF CHUMASH MISSION INDIANS,NA,0.8571428571428571,Native American tribes & governing units
E&J Gallo Winery Inc.,E & J GALLO,NA,0.75,Wine & distilled spirits manufacturing
Safe 1 Credit Union,SAFE CREDIT UNION,NA,0.75,Credit unions
Advanced Medical Management (Don Kim),ADVANCED MEDICAL MANAGEMENT ASSOCIATION,NA,0.75,Physicians
Liberty Dental Plan Corporation,LIBERTY DENTAL PLAN CORP,NA,0.75,Dentists
Sprinkler Fitters and Apprentices Local 483,SPRINKLER FITTERS & APPRENTICES LOCAL 483,NA,0.8333333333333334,Construction unions
"Gianelli & Morris, A Law Corp.","GIANELLI & MORRIS, A LAW CORPORATION",NA,0.8,Attorneys & law firms
