pac_id,depth,is_seed,traversed,has_pac_no_id_contributors,is_candidate_pac,is_federal_pac
1026634,0,TRUE,TRUE,FALSE,FALSE,FALSE
1018725,0,TRUE,TRUE,FALSE,FALSE,FALSE
1023815,0,TRUE,TRUE,FALSE,FALSE,FALSE
1018977,0,TRUE,TRUE,FALSE,FALSE,FALSE
1219354,0,TRUE,TRUE,FALSE,FALSE,FALSE
1301846,0,TRUE,TRUE,FALSE,FALSE,FALSE
1403112,0,TRUE,FALSE,FALSE,FALSE,TRUE
1400117,0,TRUE,FALSE,FALSE,FALSE,TRUE
1340182,0,TRUE,TRUE,FALSE,FALSE,FALSE
1295768,0,TRUE,TRUE,FALSE,FALSE,FALSE
1424664,0,TRUE,TRUE,FALSE,FALSE,FALSE
1356185,0,TRUE,TRUE,FALSE,FALSE,FALSE
1437185,0,TRUE,TRUE,FALSE,FALSE,FALSE
1038907,0,TRUE,TRUE,FALSE,FALSE,FALSE
1077374,0,TRUE,TRUE,FALSE,FALSE,FALSE
1025675,0,TRUE,TRUE,FALSE,FALSE,FALSE
1045740,0,TRUE,TRUE,FALSE,FALSE,FALSE
1418060,0,TRUE,TRUE,FALSE,FALSE,FALSE
1456636,0,TRUE,FALSE,FALSE,TRUE,FALSE
1465399,0,TRUE,TRUE,FALSE,FALSE,FALSE
1400190,0,TRUE,TRUE,FALSE,FALSE,FALSE
1264590,0,TRUE,TRUE,FALSE,FALSE,FALSE
1268914,0,TRUE,TRUE,FALSE,FALSE,FALSE
1467958,0,TRUE,FALSE,FALSE,TRUE,FALSE
1240104,0,TRUE,TRUE,FALSE,FALSE,FALSE
1358723,0,TRUE,TRUE,FALSE,FALSE,FALSE
1432932,0,TRUE,TRUE,FALSE,FALSE,FALSE
1442900,0,TRUE,TRUE,FALSE,FALSE,FALSE
1052411,0,TRUE,TRUE,FALSE,FALSE,FALSE
1247549,0,TRUE,TRUE,FALSE,FALSE,FALSE
1457730,0,TRUE,TRUE,FALSE,FALSE,FALSE
1244001,0,TRUE,TRUE,FALSE,FALSE,FALSE
1021742,0,TRUE,TRUE,FALSE,FALSE,FALSE
1422595,0,TRUE,TRUE,FALSE,FALSE,FALSE
1018766,0,TRUE,TRUE,FALSE,FALSE,FALSE
1373047,0,TRUE,TRUE,FALSE,FALSE,FALSE
1353866,0,TRUE,TRUE,FALSE,FALSE,FALSE
1358150,0,TRUE,TRUE,FALSE,FALSE,FALSE
1059890,0,TRUE,TRUE,FALSE,FALSE,FALSE
1486767,0,TRUE,TRUE,FALSE,FALSE,FALSE
1318200,0,TRUE,TRUE,FALSE,FALSE,FALSE
1438874,0,TRUE,TRUE,TRUE,FALSE,FALSE
1018449,0,TRUE,TRUE,FALSE,FALSE,FALSE
1036697,0,TRUE,TRUE,FALSE,FALSE,FALSE
1034589,0,TRUE,TRUE,FALSE,FALSE,FALSE
1019841,0,TRUE,TRUE,FALSE,FALSE,FALSE
1022794,0,TRUE,TRUE,FALSE,FALSE,FALSE
1423278,0,TRUE,TRUE,FALSE,FALSE,FALSE
1280428,0,TRUE,TRUE,FALSE,FALSE,FALSE
1047609,0,TRUE,TRUE,FALSE,FALSE,FALSE
1355868,0,TRUE,TRUE,FALSE,FALSE,FALSE
1018473,0,TRUE,TRUE,FALSE,FALSE,FALSE
1296948,0,TRUE,TRUE,FALSE,FALSE,FALSE
1302384,0,TRUE,TRUE,FALSE,FALSE,FALSE
1038947,0,TRUE,TRUE,FALSE,FALSE,FALSE
1342002,0,TRUE,TRUE,FALSE,FALSE,FALSE
1476845,0,TRUE,FALSE,FALSE,TRUE,FALSE
1018676,0,TRUE,TRUE,FALSE,FALSE,FALSE
1489719,0,TRUE,TRUE,TRUE,FALSE,FALSE
1488414,0,TRUE,TRUE,FALSE,FALSE,FALSE
1029583,0,TRUE,TRUE,FALSE,FALSE,FALSE
1273063,0,TRUE,TRUE,FALSE,FALSE,FALSE
1449477,0,TRUE,TRUE,FALSE,FALSE,FALSE
1374983,0,TRUE,TRUE,FALSE,FALSE,FALSE
1303833,0,TRUE,TRUE,FALSE,FALSE,FALSE
1018915,0,TRUE,TRUE,FALSE,FALSE,FALSE
1325942,0,TRUE,FALSE,FALSE,FALSE,TRUE
1390695,0,TRUE,TRUE,FALSE,FALSE,FALSE
1223277,0,TRUE,TRUE,FALSE,FALSE,FALSE
1444108,0,TRUE,FALSE,FALSE,TRUE,FALSE
1029751,0,TRUE,TRUE,FALSE,FALSE,FALSE
1478170,0,TRUE,FALSE,FALSE,TRUE,FALSE
1464730,0,TRUE,TRUE,FALSE,FALSE,FALSE
1316497,0,TRUE,TRUE,FALSE,FALSE,FALSE
1043298,0,TRUE,TRUE,FALSE,FALSE,FALSE
1065182,0,TRUE,TRUE,FALSE,FALSE,FALSE
1319072,0,TRUE,TRUE,FALSE,FALSE,FALSE
1020788,0,TRUE,TRUE,FALSE,FALSE,FALSE
1070224,0,TRUE,TRUE,FALSE,FALSE,FALSE
1448772,0,TRUE,FALSE,FALSE,FALSE,TRUE
1488681,0,TRUE,TRUE,FALSE,FALSE,FALSE
1490585,0,TRUE,TRUE,FALSE,FALSE,FALSE
1455363,0,TRUE,FALSE,FALSE,TRUE,FALSE
1047526,0,TRUE,TRUE,FALSE,FALSE,FALSE
1331005,0,TRUE,TRUE,FALSE,FALSE,FALSE
1059236,0,TRUE,TRUE,FALSE,FALSE,FALSE
1018869,0,TRUE,TRUE,FALSE,FALSE,FALSE
1019718,0,TRUE,TRUE,FALSE,FALSE,FALSE
1237416,0,TRUE,TRUE,FALSE,FALSE,FALSE
1251912,0,TRUE,TRUE,FALSE,FALSE,FALSE
1040545,0,TRUE,TRUE,FALSE,FALSE,FALSE
1056178,0,TRUE,TRUE,FALSE,FALSE,FALSE
1489060,0,TRUE,TRUE,FALSE,FALSE,FALSE
1021564,0,TRUE,TRUE,FALSE,FALSE,FALSE
1058056,0,TRUE,TRUE,FALSE,FALSE,FALSE
1073398,0,TRUE,TRUE,FALSE,FALSE,FALSE
1477317,0,TRUE,FALSE,FALSE,TRUE,FALSE
1018496,0,TRUE,TRUE,FALSE,FALSE,FALSE
1298011,0,TRUE,TRUE,FALSE,FALSE,FALSE
1051285,0,TRUE,TRUE,FALSE,FALSE,FALSE
1021722,0,TRUE,TRUE,FALSE,FALSE,FALSE
1064202,0,TRUE,TRUE,FALSE,FALSE,FALSE
1460206,0,TRUE,TRUE,FALSE,FALSE,FALSE
1018954,0,TRUE,TRUE,FALSE,FALSE,FALSE
1047683,0,TRUE,TRUE,FALSE,FALSE,FALSE
1056662,0,TRUE,TRUE,FALSE,FALSE,FALSE
1476870,0,TRUE,FALSE,FALSE,TRUE,FALSE
1349650,0,TRUE,TRUE,FALSE,FALSE,FALSE
1021268,0,TRUE,TRUE,TRUE,FALSE,FALSE
1053654,0,TRUE,TRUE,FALSE,FALSE,FALSE
1477447,0,TRUE,FALSE,FALSE,TRUE,FALSE
1340101,0,TRUE,TRUE,FALSE,FALSE,FALSE
1282464,0,TRUE,TRUE,TRUE,FALSE,FALSE
1044790,0,TRUE,TRUE,FALSE,FALSE,FALSE
1280902,0,TRUE,TRUE,FALSE,FALSE,FALSE
1043772,0,TRUE,TRUE,FALSE,FALSE,FALSE
1280263,0,TRUE,TRUE,FALSE,FALSE,FALSE
1025597,0,TRUE,TRUE,FALSE,FALSE,FALSE
1047877,0,TRUE,TRUE,FALSE,FALSE,FALSE
1047468,0,TRUE,TRUE,FALSE,FALSE,FALSE
1047852,0,TRUE,TRUE,FALSE,FALSE,FALSE
1047853,0,TRUE,TRUE,FALSE,FALSE,FALSE
1047878,0,TRUE,TRUE,FALSE,FALSE,FALSE
1055863,0,TRUE,TRUE,FALSE,FALSE,FALSE
1040377,0,TRUE,TRUE,FALSE,FALSE,FALSE
1041831,0,TRUE,TRUE,FALSE,FALSE,FALSE
1453853,0,TRUE,TRUE,FALSE,FALSE,FALSE
1258616,0,TRUE,TRUE,FALSE,FALSE,FALSE
1477034,0,TRUE,FALSE,FALSE,TRUE,FALSE
1468676,0,TRUE,TRUE,FALSE,FALSE,FALSE
1468673,0,TRUE,TRUE,FALSE,FALSE,FALSE
1018435,0,TRUE,TRUE,FALSE,FALSE,FALSE
1468668,0,TRUE,TRUE,FALSE,FALSE,FALSE
1018378,0,TRUE,TRUE,FALSE,FALSE,FALSE
1047521,0,TRUE,TRUE,FALSE,FALSE,FALSE
1018771,0,TRUE,TRUE,FALSE,FALSE,FALSE
1018937,0,TRUE,TRUE,FALSE,FALSE,FALSE
1042247,0,TRUE,TRUE,FALSE,FALSE,FALSE
1020403,0,TRUE,TRUE,FALSE,FALSE,FALSE
1042752,0,TRUE,TRUE,FALSE,FALSE,FALSE
1047876,0,TRUE,TRUE,FALSE,FALSE,FALSE
1262838,0,TRUE,FALSE,FALSE,FALSE,TRUE
1042976,0,TRUE,TRUE,FALSE,FALSE,FALSE
1247000,0,TRUE,FALSE,FALSE,FALSE,TRUE
1053896,0,TRUE,TRUE,FALSE,FALSE,FALSE
1367567,0,TRUE,TRUE,FALSE,FALSE,FALSE
1040629,0,TRUE,TRUE,FALSE,FALSE,FALSE
1048313,0,TRUE,TRUE,FALSE,FALSE,FALSE
1021273,0,TRUE,TRUE,TRUE,FALSE,FALSE
1477807,0,TRUE,FALSE,FALSE,TRUE,FALSE
1435580,0,TRUE,TRUE,TRUE,FALSE,FALSE
1072506,0,TRUE,TRUE,FALSE,FALSE,FALSE
1443357,0,TRUE,TRUE,FALSE,FALSE,FALSE
1282378,0,TRUE,TRUE,FALSE,FALSE,FALSE
1026564,0,TRUE,TRUE,FALSE,FALSE,FALSE
1034124,0,TRUE,TRUE,FALSE,FALSE,FALSE
1018862,0,TRUE,TRUE,FALSE,FALSE,FALSE
1413981,0,TRUE,FALSE,FALSE,TRUE,FALSE
1478172,0,TRUE,FALSE,FALSE,TRUE,FALSE
1019977,0,TRUE,TRUE,FALSE,FALSE,FALSE
1071932,0,TRUE,TRUE,FALSE,FALSE,FALSE
1456932,0,TRUE,FALSE,FALSE,TRUE,FALSE
1277874,0,TRUE,TRUE,FALSE,FALSE,FALSE
1018846,0,TRUE,TRUE,FALSE,FALSE,FALSE
1477142,0,TRUE,FALSE,FALSE,TRUE,FALSE
1076050,0,TRUE,TRUE,FALSE,FALSE,FALSE
1226530,0,TRUE,TRUE,FALSE,FALSE,FALSE
1042187,0,TRUE,TRUE,FALSE,FALSE,FALSE
1073761,0,TRUE,TRUE,FALSE,FALSE,FALSE
1221924,0,TRUE,TRUE,FALSE,FALSE,FALSE
1489012,0,TRUE,FALSE,FALSE,TRUE,FALSE
1469747,0,TRUE,TRUE,FALSE,FALSE,FALSE
1475124,0,TRUE,FALSE,FALSE,FALSE,TRUE
1477312,0,TRUE,FALSE,FALSE,TRUE,FALSE
1021744,0,TRUE,TRUE,TRUE,FALSE,FALSE
1020015,0,TRUE,TRUE,FALSE,FALSE,FALSE
1031555,0,TRUE,TRUE,FALSE,FALSE,FALSE
1039598,0,TRUE,TRUE,FALSE,FALSE,FALSE
1021706,0,TRUE,TRUE,TRUE,FALSE,FALSE
1030692,0,TRUE,TRUE,FALSE,FALSE,FALSE
1266480,0,TRUE,TRUE,FALSE,FALSE,FALSE
1019780,0,TRUE,TRUE,FALSE,FALSE,FALSE
1018801,0,TRUE,TRUE,FALSE,FALSE,FALSE
1054067,0,TRUE,TRUE,FALSE,FALSE,FALSE
1048794,0,TRUE,TRUE,FALSE,FALSE,FALSE
1237671,0,TRUE,TRUE,FALSE,FALSE,FALSE
1483803,0,TRUE,FALSE,FALSE,FALSE,TRUE
1281772,0,TRUE,TRUE,FALSE,FALSE,FALSE
1022953,0,TRUE,TRUE,FALSE,FALSE,FALSE
1052379,0,TRUE,TRUE,FALSE,FALSE,FALSE
1387772,0,TRUE,TRUE,TRUE,FALSE,FALSE
1077648,0,TRUE,TRUE,FALSE,FALSE,FALSE
1460932,0,TRUE,TRUE,FALSE,FALSE,FALSE
1072248,0,TRUE,TRUE,FALSE,FALSE,FALSE
1377164,0,TRUE,TRUE,FALSE,FALSE,FALSE
1070701,0,TRUE,TRUE,FALSE,FALSE,FALSE
1435087,0,TRUE,FALSE,FALSE,TRUE,FALSE
1025266,0,TRUE,TRUE,TRUE,FALSE,FALSE
1343200,0,TRUE,TRUE,FALSE,FALSE,FALSE
1408693,0,TRUE,FALSE,FALSE,FALSE,TRUE
1477778,0,TRUE,FALSE,FALSE,TRUE,FALSE
1255069,0,TRUE,FALSE,FALSE,FALSE,TRUE
1018748,0,TRUE,TRUE,FALSE,FALSE,FALSE
1388166,0,TRUE,TRUE,FALSE,FALSE,FALSE
1021618,0,TRUE,TRUE,FALSE,FALSE,FALSE
1398390,0,TRUE,TRUE,FALSE,FALSE,FALSE
1480805,0,TRUE,TRUE,FALSE,FALSE,FALSE
1058417,0,TRUE,TRUE,FALSE,FALSE,FALSE
1365388,0,TRUE,TRUE,FALSE,FALSE,FALSE
1067533,0,TRUE,TRUE,FALSE,FALSE,FALSE
1313474,0,TRUE,TRUE,FALSE,FALSE,FALSE
1018754,0,TRUE,TRUE,FALSE,FALSE,FALSE
1018750,0,TRUE,TRUE,FALSE,FALSE,FALSE
1042048,0,TRUE,TRUE,FALSE,FALSE,FALSE
1018640,0,TRUE,TRUE,FALSE,FALSE,FALSE
1406838,0,TRUE,TRUE,TRUE,FALSE,FALSE
1445004,0,TRUE,FALSE,FALSE,TRUE,FALSE
1485031,0,TRUE,TRUE,FALSE,FALSE,FALSE
1342714,0,TRUE,TRUE,FALSE,FALSE,FALSE
1067655,0,TRUE,TRUE,FALSE,FALSE,FALSE
1494727,0,TRUE,TRUE,FALSE,FALSE,FALSE
1019646,0,TRUE,TRUE,FALSE,FALSE,FALSE
1019216,0,TRUE,TRUE,FALSE,FALSE,FALSE
1484213,0,TRUE,FALSE,FALSE,TRUE,FALSE
1045835,0,TRUE,TRUE,TRUE,FALSE,FALSE
1029026,0,TRUE,TRUE,FALSE,FALSE,FALSE
1021721,0,TRUE,TRUE,FALSE,FALSE,FALSE
1035426,0,TRUE,TRUE,FALSE,FALSE,FALSE
1035434,0,TRUE,TRUE,FALSE,FALSE,FALSE
1047567,0,TRUE,TRUE,FALSE,FALSE,FALSE
1436215,0,TRUE,TRUE,FALSE,FALSE,FALSE
1288633,0,TRUE,TRUE,FALSE,FALSE,FALSE
1302173,0,TRUE,TRUE,FALSE,FALSE,FALSE
1243091,0,TRUE,TRUE,FALSE,FALSE,FALSE
1018392,0,TRUE,TRUE,TRUE,FALSE,FALSE
1268631,0,TRUE,TRUE,FALSE,FALSE,FALSE
1452790,0,TRUE,FALSE,FALSE,TRUE,FALSE
1298176,0,TRUE,FALSE,FALSE,FALSE,TRUE
1482358,0,TRUE,TRUE,FALSE,FALSE,FALSE
1243454,0,TRUE,TRUE,FALSE,FALSE,FALSE
1047153,0,TRUE,TRUE,FALSE,FALSE,FALSE
1300663,0,TRUE,TRUE,FALSE,FALSE,FALSE
1069562,0,TRUE,TRUE,FALSE,FALSE,FALSE
1327739,0,TRUE,TRUE,FALSE,FALSE,FALSE
1025607,0,TRUE,TRUE,FALSE,FALSE,FALSE
1409634,0,TRUE,FALSE,FALSE,FALSE,TRUE
1343340,0,TRUE,TRUE,FALSE,FALSE,FALSE
1020192,0,TRUE,TRUE,FALSE,FALSE,FALSE
1258919,0,TRUE,TRUE,FALSE,FALSE,FALSE
1045880,0,TRUE,TRUE,FALSE,FALSE,FALSE
1396710,0,TRUE,TRUE,TRUE,FALSE,FALSE
1280975,0,TRUE,TRUE,FALSE,FALSE,FALSE
1273830,0,TRUE,TRUE,FALSE,FALSE,FALSE
1039258,0,TRUE,TRUE,FALSE,FALSE,FALSE
1371227,0,TRUE,TRUE,FALSE,FALSE,FALSE
1071844,0,TRUE,TRUE,FALSE,FALSE,FALSE
1073358,0,TRUE,TRUE,FALSE,FALSE,FALSE
1045082,0,TRUE,TRUE,FALSE,FALSE,FALSE
1492745,0,TRUE,TRUE,FALSE,FALSE,FALSE
1221342,0,TRUE,FALSE,FALSE,FALSE,TRUE
1417274,0,TRUE,FALSE,FALSE,FALSE,TRUE
1442568,0,TRUE,TRUE,FALSE,FALSE,FALSE
1026569,0,TRUE,TRUE,FALSE,FALSE,FALSE
1036761,0,TRUE,TRUE,FALSE,FALSE,FALSE
1042437,0,TRUE,TRUE,FALSE,FALSE,FALSE
1030435,0,TRUE,TRUE,FALSE,FALSE,FALSE
1238271,0,TRUE,TRUE,FALSE,FALSE,FALSE
1052438,0,TRUE,TRUE,FALSE,FALSE,FALSE
1041364,0,TRUE,TRUE,FALSE,FALSE,FALSE
1036915,0,TRUE,TRUE,FALSE,FALSE,FALSE
1043948,0,TRUE,TRUE,FALSE,FALSE,FALSE
1239870,0,TRUE,TRUE,FALSE,FALSE,FALSE
1435181,0,TRUE,FALSE,FALSE,TRUE,FALSE
1048529,0,TRUE,TRUE,TRUE,FALSE,FALSE
1408990,0,TRUE,TRUE,FALSE,FALSE,FALSE
1363067,0,TRUE,TRUE,FALSE,FALSE,FALSE
1069124,0,TRUE,TRUE,FALSE,FALSE,FALSE
1338455,0,TRUE,TRUE,FALSE,FALSE,FALSE
1477654,0,TRUE,FALSE,FALSE,TRUE,FALSE
1254555,0,TRUE,TRUE,FALSE,FALSE,FALSE
1271482,0,TRUE,TRUE,FALSE,FALSE,FALSE
1296947,0,TRUE,TRUE,FALSE,FALSE,FALSE
1048450,0,TRUE,TRUE,FALSE,FALSE,FALSE
1058987,0,TRUE,TRUE,FALSE,FALSE,FALSE
1469958,0,TRUE,TRUE,FALSE,FALSE,FALSE
1476859,0,TRUE,FALSE,FALSE,TRUE,FALSE
1254399,0,TRUE,TRUE,FALSE,FALSE,FALSE
1385421,0,TRUE,TRUE,FALSE,FALSE,FALSE
1273532,0,TRUE,TRUE,FALSE,FALSE,FALSE
1018697,0,TRUE,TRUE,FALSE,FALSE,FALSE
1377592,0,TRUE,FALSE,FALSE,FALSE,TRUE
1469683,0,TRUE,TRUE,FALSE,FALSE,FALSE
1367548,0,TRUE,TRUE,FALSE,FALSE,FALSE
1345344,0,TRUE,TRUE,FALSE,FALSE,FALSE
1492264,0,TRUE,TRUE,TRUE,FALSE,FALSE
1385674,0,TRUE,TRUE,FALSE,FALSE,FALSE
1475565,0,TRUE,FALSE,FALSE,TRUE,FALSE
1018385,0,TRUE,TRUE,FALSE,FALSE,FALSE
1066113,0,TRUE,TRUE,FALSE,FALSE,FALSE
1491712,0,TRUE,FALSE,FALSE,FALSE,TRUE
1398311,0,TRUE,TRUE,FALSE,FALSE,FALSE
1043305,0,TRUE,TRUE,FALSE,FALSE,FALSE
1299419,0,TRUE,TRUE,FALSE,FALSE,FALSE
1045460,0,TRUE,TRUE,FALSE,FALSE,FALSE
1490064,0,TRUE,TRUE,FALSE,FALSE,FALSE
1064902,0,TRUE,TRUE,FALSE,FALSE,FALSE
1481256,0,TRUE,TRUE,FALSE,FALSE,FALSE
1467150,0,TRUE,TRUE,FALSE,FALSE,FALSE
1490566,0,TRUE,TRUE,FALSE,FALSE,FALSE
1492717,0,TRUE,FALSE,FALSE,FALSE,TRUE
1036989,0,TRUE,TRUE,FALSE,FALSE,FALSE
1440576,0,TRUE,TRUE,FALSE,FALSE,FALSE
1261647,0,TRUE,TRUE,FALSE,FALSE,FALSE
1495036,0,TRUE,TRUE,FALSE,FALSE,FALSE
1378636,0,TRUE,TRUE,FALSE,FALSE,FALSE
1485007,0,TRUE,TRUE,FALSE,FALSE,FALSE
1496822,0,TRUE,TRUE,FALSE,FALSE,FALSE
942524,0,TRUE,TRUE,FALSE,FALSE,FALSE
1010229,1,FALSE,TRUE,FALSE,FALSE,FALSE
1479607,1,FALSE,TRUE,FALSE,FALSE,FALSE
1012312,1,FALSE,TRUE,FALSE,FALSE,FALSE
1055717,1,FALSE,TRUE,FALSE,FALSE,FALSE
1483105,1,FALSE,TRUE,FALSE,FALSE,FALSE
1379198,1,FALSE,TRUE,FALSE,FALSE,FALSE
1364220,1,FALSE,TRUE,FALSE,FALSE,FALSE
1477899,1,FALSE,FALSE,FALSE,TRUE,FALSE
1461019,1,FALSE,TRUE,FALSE,FALSE,FALSE
1476560,1,FALSE,TRUE,FALSE,FALSE,FALSE
1488423,1,FALSE,TRUE,FALSE,FALSE,FALSE
1446977,1,FALSE,TRUE,FALSE,FALSE,FALSE
1335312,1,FALSE,TRUE,FALSE,FALSE,FALSE
1019401,1,FALSE,TRUE,FALSE,FALSE,FALSE
1043345,1,FALSE,TRUE,FALSE,FALSE,FALSE
1067293,1,FALSE,TRUE,FALSE,FALSE,FALSE
1034330,1,FALSE,TRUE,FALSE,FALSE,FALSE
1344506,1,FALSE,TRUE,FALSE,FALSE,FALSE
1437529,1,FALSE,TRUE,FALSE,FALSE,FALSE
1475739,1,FALSE,TRUE,FALSE,FALSE,FALSE
1490343,1,FALSE,TRUE,FALSE,FALSE,FALSE
1286035,1,FALSE,TRUE,FALSE,FALSE,FALSE
1034810,1,FALSE,TRUE,FALSE,FALSE,FALSE
1329702,1,FALSE,FALSE,FALSE,TRUE,FALSE
1275328,1,FALSE,TRUE,FALSE,FALSE,FALSE
1352869,1,FALSE,TRUE,FALSE,FALSE,FALSE
1023240,1,FALSE,TRUE,FALSE,FALSE,FALSE
1047894,1,FALSE,TRUE,FALSE,FALSE,FALSE
1022037,1,FALSE,TRUE,FALSE,FALSE,FALSE
1022620,1,FALSE,TRUE,FALSE,FALSE,FALSE
1051393,1,FALSE,TRUE,FALSE,FALSE,FALSE
1050957,1,FALSE,TRUE,TRUE,FALSE,FALSE
1064861,1,FALSE,TRUE,FALSE,FALSE,FALSE
1364941,1,FALSE,TRUE,FALSE,FALSE,FALSE
1045692,1,FALSE,TRUE,FALSE,FALSE,FALSE
1247506,1,FALSE,TRUE,FALSE,FALSE,FALSE
1026550,1,FALSE,TRUE,FALSE,FALSE,FALSE
1021723,1,FALSE,TRUE,FALSE,FALSE,FALSE
1338487,1,FALSE,TRUE,FALSE,FALSE,FALSE
1046578,1,FALSE,TRUE,FALSE,FALSE,FALSE
1065050,1,FALSE,TRUE,FALSE,FALSE,FALSE
1445789,1,FALSE,TRUE,FALSE,FALSE,FALSE
1048181,1,FALSE,TRUE,FALSE,FALSE,FALSE
1329180,1,FALSE,FALSE,FALSE,FALSE,TRUE
1244985,1,FALSE,FALSE,FALSE,FALSE,TRUE
1021680,1,FALSE,TRUE,FALSE,FALSE,FALSE
1069839,1,FALSE,TRUE,TRUE,FALSE,FALSE
1039225,1,FALSE,TRUE,TRUE,FALSE,FALSE
1384976,1,FALSE,TRUE,FALSE,FALSE,FALSE
1302433,1,FALSE,TRUE,FALSE,FALSE,FALSE
1465611,1,FALSE,TRUE,FALSE,FALSE,FALSE
1266887,1,FALSE,TRUE,FALSE,FALSE,FALSE
1439102,1,FALSE,TRUE,FALSE,FALSE,FALSE
1423131,1,FALSE,TRUE,FALSE,FALSE,FALSE
1357256,1,FALSE,TRUE,FALSE,FALSE,FALSE
1488590,1,FALSE,TRUE,FALSE,FALSE,FALSE
1008988,1,FALSE,TRUE,FALSE,FALSE,FALSE
1353246,1,FALSE,TRUE,FALSE,FALSE,FALSE
1009777,1,FALSE,TRUE,FALSE,FALSE,FALSE
1013945,1,FALSE,TRUE,FALSE,FALSE,FALSE
1236216,1,FALSE,TRUE,FALSE,FALSE,FALSE
1008202,1,FALSE,TRUE,FALSE,FALSE,FALSE
1009073,1,FALSE,TRUE,FALSE,FALSE,FALSE
1494038,1,FALSE,TRUE,FALSE,FALSE,FALSE
1011290,1,FALSE,TRUE,FALSE,FALSE,FALSE
1247715,1,FALSE,TRUE,FALSE,FALSE,FALSE
1009404,1,FALSE,TRUE,FALSE,FALSE,FALSE
1008578,1,FALSE,TRUE,FALSE,FALSE,FALSE
1293569,1,FALSE,TRUE,FALSE,FALSE,FALSE
1013067,1,FALSE,TRUE,FALSE,FALSE,FALSE
1285322,1,FALSE,TRUE,FALSE,FALSE,FALSE
1252603,1,FALSE,TRUE,FALSE,FALSE,FALSE
1229831,1,FALSE,TRUE,FALSE,FALSE,FALSE
1470692,1,FALSE,TRUE,FALSE,FALSE,FALSE
1235762,1,FALSE,TRUE,FALSE,FALSE,FALSE
1253640,1,FALSE,TRUE,FALSE,FALSE,FALSE
1354895,1,FALSE,TRUE,FALSE,FALSE,FALSE
1494977,1,FALSE,TRUE,FALSE,FALSE,FALSE
1495447,1,FALSE,TRUE,FALSE,FALSE,FALSE
1370549,1,FALSE,TRUE,FALSE,FALSE,FALSE
1442284,1,FALSE,TRUE,FALSE,FALSE,FALSE
1405723,1,FALSE,TRUE,FALSE,FALSE,FALSE
1484860,1,FALSE,TRUE,FALSE,FALSE,FALSE
1455738,1,FALSE,TRUE,FALSE,FALSE,FALSE
1448283,1,FALSE,TRUE,FALSE,FALSE,FALSE
1372681,1,FALSE,TRUE,FALSE,FALSE,FALSE
1466973,1,FALSE,TRUE,FALSE,FALSE,FALSE
1383218,1,FALSE,TRUE,FALSE,FALSE,FALSE
1432601,1,FALSE,TRUE,FALSE,FALSE,FALSE
1425252,1,FALSE,TRUE,FALSE,FALSE,FALSE
1435800,1,FALSE,TRUE,FALSE,FALSE,FALSE
1030699,1,FALSE,FALSE,FALSE,FALSE,TRUE
1407996,1,FALSE,TRUE,FALSE,FALSE,FALSE
1440790,1,FALSE,TRUE,FALSE,FALSE,FALSE
1405807,1,FALSE,TRUE,FALSE,FALSE,FALSE
1407923,1,FALSE,TRUE,FALSE,FALSE,FALSE
1332115,1,FALSE,TRUE,FALSE,FALSE,FALSE
1489835,1,FALSE,TRUE,FALSE,FALSE,FALSE
1401119,1,FALSE,TRUE,FALSE,FALSE,FALSE
1491225,1,FALSE,TRUE,FALSE,FALSE,FALSE
1486290,1,FALSE,TRUE,FALSE,FALSE,FALSE
1465256,1,FALSE,TRUE,TRUE,FALSE,FALSE
1477274,1,FALSE,TRUE,FALSE,FALSE,FALSE
1361185,1,FALSE,TRUE,FALSE,FALSE,FALSE
1326620,1,FALSE,TRUE,FALSE,FALSE,FALSE
1460720,1,FALSE,TRUE,FALSE,FALSE,FALSE
1291884,1,FALSE,TRUE,FALSE,FALSE,FALSE
1443600,1,FALSE,FALSE,FALSE,TRUE,FALSE
1473273,1,FALSE,FALSE,FALSE,TRUE,FALSE
1073535,1,FALSE,TRUE,FALSE,FALSE,FALSE
1447800,1,FALSE,TRUE,FALSE,FALSE,FALSE
1478537,1,FALSE,FALSE,FALSE,TRUE,FALSE
1464406,1,FALSE,TRUE,FALSE,FALSE,FALSE
1283587,1,FALSE,TRUE,FALSE,FALSE,FALSE
1039318,1,FALSE,TRUE,FALSE,FALSE,FALSE
1072551,1,FALSE,TRUE,FALSE,FALSE,FALSE
1438389,1,FALSE,TRUE,FALSE,FALSE,FALSE
1413208,1,FALSE,TRUE,FALSE,FALSE,FALSE
1313622,1,FALSE,TRUE,FALSE,FALSE,FALSE
1035687,1,FALSE,TRUE,FALSE,FALSE,FALSE
1046932,1,FALSE,TRUE,FALSE,FALSE,FALSE
1454100,1,FALSE,TRUE,FALSE,FALSE,FALSE
1278808,1,FALSE,TRUE,FALSE,FALSE,FALSE
1019828,1,FALSE,FALSE,FALSE,FALSE,TRUE
1026184,1,FALSE,TRUE,FALSE,FALSE,FALSE
1388537,1,FALSE,TRUE,FALSE,FALSE,FALSE
1234155,1,FALSE,TRUE,FALSE,FALSE,FALSE
1254179,1,FALSE,TRUE,FALSE,FALSE,FALSE
1021823,1,FALSE,TRUE,FALSE,FALSE,FALSE
1305436,1,FALSE,TRUE,FALSE,FALSE,FALSE
1477233,1,FALSE,TRUE,FALSE,FALSE,FALSE
1480256,1,FALSE,FALSE,FALSE,FALSE,TRUE
1452249,1,FALSE,TRUE,FALSE,FALSE,FALSE
1467902,1,FALSE,TRUE,FALSE,FALSE,FALSE
1479814,1,FALSE,TRUE,FALSE,FALSE,FALSE
1394146,1,FALSE,TRUE,FALSE,FALSE,FALSE
1471300,1,FALSE,TRUE,FALSE,FALSE,FALSE
1237135,1,FALSE,TRUE,FALSE,FALSE,FALSE
1456428,1,FALSE,TRUE,TRUE,FALSE,FALSE
1398376,1,FALSE,TRUE,TRUE,FALSE,FALSE
1018355,1,FALSE,TRUE,FALSE,FALSE,FALSE
1054869,1,FALSE,TRUE,FALSE,FALSE,FALSE
1457818,1,FALSE,FALSE,FALSE,TRUE,FALSE
1303937,1,FALSE,TRUE,FALSE,FALSE,FALSE
1478738,1,FALSE,FALSE,FALSE,TRUE,FALSE
1383183,1,FALSE,TRUE,FALSE,FALSE,FALSE
1458142,1,FALSE,TRUE,FALSE,FALSE,FALSE
1456951,1,FALSE,TRUE,FALSE,FALSE,FALSE
1318775,1,FALSE,TRUE,FALSE,FALSE,FALSE
1280730,1,FALSE,FALSE,FALSE,FALSE,TRUE
1427496,1,FALSE,TRUE,FALSE,FALSE,FALSE
1018529,1,FALSE,TRUE,TRUE,FALSE,FALSE
1358910,1,FALSE,TRUE,FALSE,FALSE,FALSE
1241835,1,FALSE,TRUE,FALSE,FALSE,FALSE
1468264,1,FALSE,TRUE,FALSE,FALSE,FALSE
1467077,1,FALSE,TRUE,FALSE,FALSE,FALSE
1468740,1,FALSE,TRUE,FALSE,FALSE,FALSE
1469561,1,FALSE,TRUE,FALSE,FALSE,FALSE
1401346,1,FALSE,TRUE,FALSE,FALSE,FALSE
1278442,1,FALSE,TRUE,FALSE,FALSE,FALSE
1406018,1,FALSE,TRUE,FALSE,FALSE,FALSE
1018912,1,FALSE,TRUE,FALSE,FALSE,FALSE
1272633,1,FALSE,TRUE,TRUE,FALSE,FALSE
1038905,1,FALSE,TRUE,FALSE,FALSE,FALSE
1483101,1,FALSE,TRUE,FALSE,FALSE,FALSE
1332968,1,FALSE,FALSE,FALSE,FALSE,TRUE
1455293,1,FALSE,TRUE,FALSE,FALSE,FALSE
1358790,1,FALSE,TRUE,FALSE,FALSE,FALSE
1380675,1,FALSE,TRUE,TRUE,FALSE,FALSE
1051531,1,FALSE,TRUE,FALSE,FALSE,FALSE
1415484,1,FALSE,TRUE,FALSE,FALSE,FALSE
1377585,1,FALSE,TRUE,FALSE,FALSE,FALSE
1466919,1,FALSE,TRUE,FALSE,FALSE,FALSE
1477295,1,FALSE,TRUE,FALSE,FALSE,FALSE
1478936,1,FALSE,FALSE,FALSE,TRUE,FALSE
1479206,1,FALSE,FALSE,FALSE,TRUE,FALSE
1431167,1,FALSE,TRUE,FALSE,FALSE,FALSE
1481476,1,FALSE,FALSE,FALSE,TRUE,FALSE
1247892,1,FALSE,TRUE,FALSE,FALSE,FALSE
1483657,1,FALSE,TRUE,FALSE,FALSE,FALSE
1478433,1,FALSE,FALSE,FALSE,FALSE,TRUE
1468266,1,FALSE,TRUE,FALSE,FALSE,FALSE
1428226,1,FALSE,TRUE,FALSE,FALSE,FALSE
1485822,1,FALSE,TRUE,FALSE,FALSE,FALSE
1482260,1,FALSE,TRUE,FALSE,FALSE,FALSE
1459007,1,FALSE,FALSE,FALSE,TRUE,FALSE
1282023,1,FALSE,TRUE,FALSE,FALSE,FALSE
1480296,1,FALSE,TRUE,TRUE,FALSE,FALSE
1468335,1,FALSE,TRUE,FALSE,FALSE,FALSE
1231808,1,FALSE,TRUE,FALSE,FALSE,FALSE
1467230,1,FALSE,TRUE,FALSE,FALSE,FALSE
1254059,1,FALSE,TRUE,FALSE,FALSE,FALSE
1029806,1,FALSE,TRUE,FALSE,FALSE,FALSE
1477642,1,FALSE,TRUE,FALSE,FALSE,FALSE
1484266,1,FALSE,TRUE,TRUE,FALSE,FALSE
1018513,1,FALSE,TRUE,FALSE,FALSE,FALSE
1484899,1,FALSE,TRUE,FALSE,FALSE,FALSE
1408224,1,FALSE,TRUE,FALSE,FALSE,FALSE
1235258,1,FALSE,TRUE,FALSE,FALSE,FALSE
1051844,1,FALSE,TRUE,FALSE,FALSE,FALSE
1275672,1,FALSE,TRUE,FALSE,FALSE,FALSE
1470826,1,FALSE,TRUE,FALSE,FALSE,FALSE
1488081,1,FALSE,TRUE,FALSE,FALSE,FALSE
1058979,1,FALSE,TRUE,FALSE,FALSE,FALSE
1254010,1,FALSE,TRUE,FALSE,FALSE,FALSE
1060120,1,FALSE,TRUE,FALSE,FALSE,FALSE
1233935,1,FALSE,TRUE,FALSE,FALSE,FALSE
1296889,1,FALSE,TRUE,FALSE,FALSE,FALSE
1492108,1,FALSE,TRUE,FALSE,FALSE,FALSE
1488418,1,FALSE,TRUE,FALSE,FALSE,FALSE
1479399,1,FALSE,TRUE,FALSE,FALSE,FALSE
1485847,1,FALSE,TRUE,FALSE,FALSE,FALSE
1461436,1,FALSE,TRUE,FALSE,FALSE,FALSE
1475998,1,FALSE,TRUE,FALSE,FALSE,FALSE
1065171,1,FALSE,TRUE,FALSE,FALSE,FALSE
1009150,1,FALSE,TRUE,FALSE,FALSE,FALSE
1477855,1,FALSE,TRUE,FALSE,FALSE,FALSE
1374474,1,FALSE,TRUE,FALSE,FALSE,FALSE
1355053,1,FALSE,TRUE,FALSE,FALSE,FALSE
1355052,1,FALSE,TRUE,FALSE,FALSE,FALSE
1253541,1,FALSE,TRUE,FALSE,FALSE,FALSE
1009760,1,FALSE,TRUE,FALSE,FALSE,FALSE
1014098,1,FALSE,TRUE,FALSE,FALSE,FALSE
1261612,1,FALSE,TRUE,FALSE,FALSE,FALSE
1363184,1,FALSE,TRUE,FALSE,FALSE,FALSE
1010199,1,FALSE,TRUE,FALSE,FALSE,FALSE
1010204,1,FALSE,TRUE,FALSE,FALSE,FALSE
1010197,1,FALSE,TRUE,FALSE,FALSE,FALSE
1355050,1,FALSE,TRUE,FALSE,FALSE,FALSE
1010260,1,FALSE,TRUE,FALSE,FALSE,FALSE
1355057,1,FALSE,TRUE,FALSE,FALSE,FALSE
1355060,1,FALSE,TRUE,FALSE,FALSE,FALSE
1010278,1,FALSE,TRUE,FALSE,FALSE,FALSE
1450764,1,FALSE,TRUE,FALSE,FALSE,FALSE
1261609,1,FALSE,TRUE,FALSE,FALSE,FALSE
1261972,1,FALSE,TRUE,FALSE,FALSE,FALSE
1294498,1,FALSE,TRUE,FALSE,FALSE,FALSE
1010381,1,FALSE,TRUE,FALSE,FALSE,FALSE
1010258,1,FALSE,TRUE,FALSE,FALSE,FALSE
1010167,1,FALSE,TRUE,FALSE,FALSE,FALSE
1010183,1,FALSE,TRUE,FALSE,FALSE,FALSE
1012585,1,FALSE,TRUE,FALSE,FALSE,FALSE
1457545,1,FALSE,TRUE,FALSE,FALSE,FALSE
1261615,1,FALSE,TRUE,FALSE,FALSE,FALSE
1010405,1,FALSE,TRUE,FALSE,FALSE,FALSE
1450766,1,FALSE,TRUE,FALSE,FALSE,FALSE
1355048,1,FALSE,TRUE,FALSE,FALSE,FALSE
1264046,1,FALSE,TRUE,FALSE,FALSE,FALSE
1010385,1,FALSE,TRUE,FALSE,FALSE,FALSE
1010411,1,FALSE,TRUE,FALSE,FALSE,FALSE
1012990,1,FALSE,TRUE,FALSE,FALSE,FALSE
1261618,1,FALSE,TRUE,FALSE,FALSE,FALSE
1011716,1,FALSE,TRUE,FALSE,FALSE,FALSE
1282798,1,FALSE,TRUE,FALSE,FALSE,FALSE
1014526,1,FALSE,TRUE,FALSE,FALSE,FALSE
1012856,1,FALSE,TRUE,FALSE,FALSE,FALSE
1293912,1,FALSE,TRUE,FALSE,FALSE,FALSE
1011492,1,FALSE,TRUE,FALSE,FALSE,FALSE
1287768,1,FALSE,TRUE,FALSE,FALSE,FALSE
1245954,1,FALSE,TRUE,FALSE,FALSE,FALSE
1010241,1,FALSE,TRUE,FALSE,FALSE,FALSE
1355061,1,FALSE,TRUE,FALSE,FALSE,FALSE
1012481,1,FALSE,TRUE,FALSE,FALSE,FALSE
1010274,1,FALSE,TRUE,FALSE,FALSE,FALSE
1450768,1,FALSE,TRUE,FALSE,FALSE,FALSE
1282797,1,FALSE,TRUE,FALSE,FALSE,FALSE
1457550,1,FALSE,TRUE,FALSE,FALSE,FALSE
1393636,1,FALSE,TRUE,FALSE,FALSE,FALSE
1450761,1,FALSE,TRUE,FALSE,FALSE,FALSE
1393635,1,FALSE,TRUE,FALSE,FALSE,FALSE
1363208,1,FALSE,TRUE,FALSE,FALSE,FALSE
1492812,1,FALSE,TRUE,FALSE,FALSE,FALSE
1018412,1,FALSE,TRUE,FALSE,FALSE,FALSE
1446315,1,FALSE,TRUE,FALSE,FALSE,FALSE
1018475,1,FALSE,TRUE,FALSE,FALSE,FALSE
1365285,1,FALSE,TRUE,FALSE,FALSE,FALSE
1235948,1,FALSE,TRUE,FALSE,FALSE,FALSE
1018769,1,FALSE,TRUE,FALSE,FALSE,FALSE
1021698,1,FALSE,TRUE,FALSE,FALSE,FALSE
1018654,1,FALSE,TRUE,FALSE,FALSE,FALSE
1018716,1,FALSE,TRUE,FALSE,FALSE,FALSE
1018494,1,FALSE,TRUE,FALSE,FALSE,FALSE
1032202,1,FALSE,TRUE,FALSE,FALSE,FALSE
1069546,1,FALSE,TRUE,FALSE,FALSE,FALSE
1273104,1,FALSE,TRUE,FALSE,FALSE,FALSE
1459884,1,FALSE,TRUE,FALSE,FALSE,FALSE
1435661,1,FALSE,TRUE,FALSE,FALSE,FALSE
1062927,1,FALSE,TRUE,FALSE,FALSE,FALSE
1020609,1,FALSE,TRUE,FALSE,FALSE,FALSE
1018602,1,FALSE,TRUE,FALSE,FALSE,FALSE
1018523,1,FALSE,TRUE,FALSE,FALSE,FALSE
1377313,1,FALSE,TRUE,FALSE,FALSE,FALSE
1462496,1,FALSE,TRUE,FALSE,FALSE,FALSE
1441181,1,FALSE,TRUE,FALSE,FALSE,FALSE
1076803,1,FALSE,TRUE,FALSE,FALSE,FALSE
1031089,1,FALSE,TRUE,FALSE,FALSE,FALSE
1256259,1,FALSE,TRUE,FALSE,FALSE,FALSE
1225755,1,FALSE,TRUE,FALSE,FALSE,FALSE
1026324,1,FALSE,FALSE,FALSE,FALSE,TRUE
1024768,1,FALSE,TRUE,FALSE,FALSE,FALSE
1055991,1,FALSE,TRUE,FALSE,FALSE,FALSE
1021736,1,FALSE,TRUE,FALSE,FALSE,FALSE
1034642,1,FALSE,TRUE,FALSE,FALSE,FALSE
1467929,1,FALSE,TRUE,FALSE,FALSE,FALSE
1228854,1,FALSE,TRUE,FALSE,FALSE,FALSE
1018853,1,FALSE,TRUE,FALSE,FALSE,FALSE
1413079,1,FALSE,TRUE,FALSE,FALSE,FALSE
1025148,1,FALSE,TRUE,FALSE,FALSE,FALSE
1018580,1,FALSE,TRUE,FALSE,FALSE,FALSE
1468871,1,FALSE,TRUE,FALSE,FALSE,FALSE
1480103,1,FALSE,FALSE,FALSE,TRUE,FALSE
1018526,1,FALSE,TRUE,FALSE,FALSE,FALSE
1468441,1,FALSE,TRUE,FALSE,FALSE,FALSE
1479626,1,FALSE,FALSE,FALSE,TRUE,FALSE
1479719,1,FALSE,TRUE,FALSE,FALSE,FALSE
1489531,1,FALSE,TRUE,FALSE,FALSE,FALSE
1067495,1,FALSE,TRUE,FALSE,FALSE,FALSE
1298012,1,FALSE,TRUE,FALSE,FALSE,FALSE
1347482,1,FALSE,TRUE,FALSE,FALSE,FALSE
1488101,1,FALSE,TRUE,FALSE,FALSE,FALSE
1229437,1,FALSE,TRUE,FALSE,FALSE,FALSE
1406946,2,FALSE,TRUE,FALSE,FALSE,FALSE
1073618,2,FALSE,TRUE,FALSE,FALSE,FALSE
1221322,2,FALSE,TRUE,FALSE,FALSE,FALSE
1410008,2,FALSE,TRUE,FALSE,FALSE,FALSE
1450820,2,FALSE,TRUE,FALSE,FALSE,FALSE
1302403,2,FALSE,TRUE,FALSE,FALSE,FALSE
1452276,2,FALSE,TRUE,FALSE,FALSE,FALSE
1069777,2,FALSE,TRUE,FALSE,FALSE,FALSE
1294628,2,FALSE,TRUE,FALSE,FALSE,FALSE
1365806,2,FALSE,TRUE,FALSE,FALSE,FALSE
1471074,2,FALSE,TRUE,FALSE,FALSE,FALSE
1054833,2,FALSE,TRUE,FALSE,FALSE,FALSE
1490270,2,FALSE,TRUE,TRUE,FALSE,FALSE
1043769,2,FALSE,TRUE,FALSE,FALSE,FALSE
1011327,2,FALSE,TRUE,FALSE,FALSE,FALSE
1007720,2,FALSE,TRUE,FALSE,FALSE,FALSE
1011621,2,FALSE,TRUE,FALSE,FALSE,FALSE
1385574,2,FALSE,TRUE,FALSE,FALSE,FALSE
1481714,2,FALSE,TRUE,FALSE,FALSE,FALSE
1436831,2,FALSE,TRUE,FALSE,FALSE,FALSE
1412248,2,FALSE,TRUE,FALSE,FALSE,FALSE
1448311,2,FALSE,TRUE,FALSE,FALSE,FALSE
1008339,2,FALSE,TRUE,FALSE,FALSE,FALSE
1482803,2,FALSE,TRUE,FALSE,FALSE,FALSE
1488768,2,FALSE,TRUE,FALSE,FALSE,FALSE
1474057,2,FALSE,TRUE,FALSE,FALSE,FALSE
1063721,2,FALSE,TRUE,TRUE,FALSE,FALSE
1311218,2,FALSE,TRUE,FALSE,FALSE,FALSE
1413748,2,FALSE,TRUE,FALSE,FALSE,FALSE
1073520,2,FALSE,TRUE,FALSE,FALSE,FALSE
1446666,2,FALSE,TRUE,FALSE,FALSE,FALSE
1485654,2,FALSE,TRUE,FALSE,FALSE,FALSE
1276614,2,FALSE,TRUE,FALSE,FALSE,FALSE
1463224,2,FALSE,TRUE,FALSE,FALSE,FALSE
1484678,2,FALSE,FALSE,FALSE,FALSE,TRUE
1476993,2,FALSE,TRUE,FALSE,FALSE,FALSE
1297707,2,FALSE,TRUE,FALSE,FALSE,FALSE
1358788,2,FALSE,TRUE,TRUE,FALSE,FALSE
1413944,2,FALSE,TRUE,FALSE,FALSE,FALSE
1035164,2,FALSE,TRUE,FALSE,FALSE,FALSE
1430404,2,FALSE,TRUE,FALSE,FALSE,FALSE
1421884,2,FALSE,TRUE,FALSE,FALSE,FALSE
1348982,2,FALSE,TRUE,FALSE,FALSE,FALSE
1410966,2,FALSE,FALSE,FALSE,FALSE,TRUE
1233722,2,FALSE,TRUE,FALSE,FALSE,FALSE
1057363,2,FALSE,TRUE,FALSE,FALSE,FALSE
1466271,2,FALSE,TRUE,FALSE,FALSE,FALSE
1256042,2,FALSE,TRUE,FALSE,FALSE,FALSE
1073792,2,FALSE,TRUE,FALSE,FALSE,FALSE
1067126,2,FALSE,TRUE,FALSE,FALSE,FALSE
1258461,2,FALSE,TRUE,FALSE,FALSE,FALSE
1434521,2,FALSE,TRUE,FALSE,FALSE,FALSE
1281019,2,FALSE,TRUE,FALSE,FALSE,FALSE
1018955,2,FALSE,TRUE,FALSE,FALSE,FALSE
1064977,2,FALSE,TRUE,FALSE,FALSE,FALSE
1448626,2,FALSE,TRUE,TRUE,FALSE,FALSE
1369752,2,FALSE,TRUE,FALSE,FALSE,FALSE
1457857,2,FALSE,TRUE,FALSE,FALSE,FALSE
1398000,2,FALSE,TRUE,FALSE,FALSE,FALSE
1267012,2,FALSE,TRUE,FALSE,FALSE,FALSE
1018964,2,FALSE,TRUE,FALSE,FALSE,FALSE
1282058,2,FALSE,TRUE,FALSE,FALSE,FALSE
1333867,2,FALSE,TRUE,FALSE,FALSE,FALSE
1265524,2,FALSE,TRUE,FALSE,FALSE,FALSE
1314805,2,FALSE,TRUE,FALSE,FALSE,FALSE
1417140,2,FALSE,TRUE,FALSE,FALSE,FALSE
1449329,2,FALSE,TRUE,FALSE,FALSE,FALSE
1056124,2,FALSE,TRUE,FALSE,FALSE,FALSE
1479257,2,FALSE,TRUE,FALSE,FALSE,FALSE
1445325,2,FALSE,TRUE,TRUE,FALSE,FALSE
1462395,2,FALSE,TRUE,FALSE,FALSE,FALSE
1417133,2,FALSE,TRUE,FALSE,FALSE,FALSE
1363198,2,FALSE,TRUE,FALSE,FALSE,FALSE
1469109,2,FALSE,TRUE,FALSE,FALSE,FALSE
1446271,2,FALSE,TRUE,FALSE,FALSE,FALSE
1471258,2,FALSE,TRUE,FALSE,FALSE,FALSE
1479464,2,FALSE,FALSE,FALSE,TRUE,FALSE
1071446,2,FALSE,TRUE,FALSE,FALSE,FALSE
1265977,2,FALSE,TRUE,FALSE,FALSE,FALSE
1306048,2,FALSE,TRUE,FALSE,FALSE,FALSE
1073650,2,FALSE,TRUE,FALSE,FALSE,FALSE
1479867,2,FALSE,TRUE,FALSE,FALSE,FALSE
1274758,2,FALSE,TRUE,FALSE,FALSE,FALSE
1433277,2,FALSE,TRUE,FALSE,FALSE,FALSE
1481559,2,FALSE,TRUE,FALSE,FALSE,FALSE
1421327,2,FALSE,TRUE,FALSE,FALSE,FALSE
1039029,2,FALSE,TRUE,FALSE,FALSE,FALSE
1021730,2,FALSE,TRUE,FALSE,FALSE,FALSE
1354904,2,FALSE,TRUE,FALSE,FALSE,FALSE
1461257,2,FALSE,TRUE,FALSE,FALSE,FALSE
1039375,2,FALSE,TRUE,FALSE,FALSE,FALSE
1458772,2,FALSE,TRUE,FALSE,FALSE,FALSE
1488039,2,FALSE,TRUE,FALSE,FALSE,FALSE
1299840,2,FALSE,TRUE,FALSE,FALSE,FALSE
1319222,2,FALSE,TRUE,FALSE,FALSE,FALSE
1421550,2,FALSE,TRUE,FALSE,FALSE,FALSE
1487507,2,FALSE,TRUE,FALSE,FALSE,FALSE
1485027,2,FALSE,TRUE,FALSE,FALSE,FALSE
1025165,2,FALSE,TRUE,FALSE,FALSE,FALSE
1327642,2,FALSE,TRUE,FALSE,FALSE,FALSE
1485324,2,FALSE,TRUE,FALSE,FALSE,FALSE
1392470,2,FALSE,TRUE,FALSE,FALSE,FALSE
1332378,2,FALSE,TRUE,FALSE,FALSE,FALSE
1070781,2,FALSE,TRUE,FALSE,FALSE,FALSE
1222119,2,FALSE,TRUE,FALSE,FALSE,FALSE
1047491,2,FALSE,TRUE,FALSE,FALSE,FALSE
1031061,2,FALSE,TRUE,FALSE,FALSE,FALSE
1021644,2,FALSE,TRUE,FALSE,FALSE,FALSE
1250157,2,FALSE,TRUE,TRUE,FALSE,FALSE
1049558,2,FALSE,TRUE,FALSE,FALSE,FALSE
1297708,2,FALSE,TRUE,FALSE,FALSE,FALSE
1459023,2,FALSE,TRUE,FALSE,FALSE,FALSE
1478478,2,FALSE,TRUE,FALSE,FALSE,FALSE
1241349,2,FALSE,TRUE,FALSE,FALSE,FALSE
1041970,2,FALSE,TRUE,FALSE,FALSE,FALSE
1018820,2,FALSE,TRUE,FALSE,FALSE,FALSE
1067211,2,FALSE,TRUE,FALSE,FALSE,FALSE
1450224,2,FALSE,TRUE,FALSE,FALSE,FALSE
1309647,2,FALSE,TRUE,FALSE,FALSE,FALSE
1356720,2,FALSE,TRUE,FALSE,FALSE,FALSE
1233793,2,FALSE,TRUE,FALSE,FALSE,FALSE
1021995,2,FALSE,TRUE,FALSE,FALSE,FALSE
1359356,2,FALSE,TRUE,FALSE,FALSE,FALSE
1362654,2,FALSE,TRUE,FALSE,FALSE,FALSE
1378642,2,FALSE,TRUE,FALSE,FALSE,FALSE
1018460,2,FALSE,TRUE,TRUE,FALSE,FALSE
1298154,2,FALSE,TRUE,FALSE,FALSE,FALSE
1315755,2,FALSE,TRUE,FALSE,FALSE,FALSE
1344050,2,FALSE,TRUE,FALSE,FALSE,FALSE
1327112,2,FALSE,TRUE,FALSE,FALSE,FALSE
1060411,2,FALSE,TRUE,FALSE,FALSE,FALSE
1255226,2,FALSE,TRUE,FALSE,FALSE,FALSE
1343845,2,FALSE,TRUE,FALSE,FALSE,FALSE
1286381,2,FALSE,TRUE,FALSE,FALSE,FALSE
1265580,2,FALSE,TRUE,FALSE,FALSE,FALSE
1281049,2,FALSE,TRUE,FALSE,FALSE,FALSE
1021883,2,FALSE,TRUE,FALSE,FALSE,FALSE
1299236,2,FALSE,TRUE,FALSE,FALSE,FALSE
1414164,2,FALSE,TRUE,TRUE,FALSE,FALSE
1029699,2,FALSE,TRUE,FALSE,FALSE,FALSE
1018938,2,FALSE,TRUE,FALSE,FALSE,FALSE
1022589,2,FALSE,TRUE,FALSE,FALSE,FALSE
1049814,2,FALSE,TRUE,FALSE,FALSE,FALSE
1222327,2,FALSE,TRUE,FALSE,FALSE,FALSE
1018337,2,FALSE,TRUE,FALSE,FALSE,FALSE
1019158,2,FALSE,TRUE,FALSE,FALSE,FALSE
1074820,2,FALSE,TRUE,FALSE,FALSE,FALSE
1018495,2,FALSE,TRUE,TRUE,FALSE,FALSE
1427579,2,FALSE,TRUE,FALSE,FALSE,FALSE
1018484,2,FALSE,TRUE,FALSE,FALSE,FALSE
1047370,2,FALSE,TRUE,FALSE,FALSE,FALSE
1018941,2,FALSE,TRUE,FALSE,FALSE,FALSE
1473319,2,FALSE,TRUE,FALSE,FALSE,FALSE
1470143,2,FALSE,TRUE,FALSE,FALSE,FALSE
1408092,2,FALSE,TRUE,FALSE,FALSE,FALSE
1401816,2,FALSE,TRUE,FALSE,FALSE,FALSE
1478869,2,FALSE,TRUE,FALSE,FALSE,FALSE
1047637,2,FALSE,TRUE,FALSE,FALSE,FALSE
1407086,2,FALSE,TRUE,FALSE,FALSE,FALSE
1466592,2,FALSE,TRUE,FALSE,FALSE,FALSE
1022011,2,FALSE,TRUE,FALSE,FALSE,FALSE
1331855,2,FALSE,TRUE,FALSE,FALSE,FALSE
1351228,2,FALSE,TRUE,FALSE,FALSE,FALSE
1357479,2,FALSE,FALSE,FALSE,FALSE,TRUE
1062514,2,FALSE,TRUE,FALSE,FALSE,FALSE
1486695,2,FALSE,TRUE,FALSE,FALSE,FALSE
1425855,2,FALSE,TRUE,FALSE,FALSE,FALSE
1291923,2,FALSE,TRUE,TRUE,FALSE,FALSE
1435461,2,FALSE,TRUE,FALSE,FALSE,FALSE
1414018,2,FALSE,FALSE,FALSE,TRUE,FALSE
1243364,2,FALSE,TRUE,FALSE,FALSE,FALSE
1072806,2,FALSE,TRUE,FALSE,FALSE,FALSE
1328933,2,FALSE,TRUE,FALSE,FALSE,FALSE
1280724,2,FALSE,TRUE,TRUE,FALSE,FALSE
1483764,2,FALSE,TRUE,FALSE,FALSE,FALSE
1344205,2,FALSE,TRUE,FALSE,FALSE,FALSE
1413452,2,FALSE,TRUE,FALSE,FALSE,FALSE
1386229,2,FALSE,TRUE,FALSE,FALSE,FALSE
1045895,2,FALSE,TRUE,FALSE,FALSE,FALSE
1392191,2,FALSE,TRUE,FALSE,FALSE,FALSE
1357909,2,FALSE,TRUE,FALSE,FALSE,FALSE
1404127,2,FALSE,TRUE,FALSE,FALSE,FALSE
1417295,2,FALSE,TRUE,FALSE,FALSE,FALSE
1403644,2,FALSE,TRUE,FALSE,FALSE,FALSE
1467784,2,FALSE,FALSE,FALSE,TRUE,FALSE
1025322,2,FALSE,TRUE,FALSE,FALSE,FALSE
1437334,2,FALSE,TRUE,FALSE,FALSE,FALSE
1458522,2,FALSE,TRUE,FALSE,FALSE,FALSE
1467883,2,FALSE,TRUE,FALSE,FALSE,FALSE
1467830,2,FALSE,TRUE,FALSE,FALSE,FALSE
1445566,2,FALSE,FALSE,FALSE,TRUE,FALSE
1466773,2,FALSE,TRUE,FALSE,FALSE,FALSE
1455473,2,FALSE,TRUE,FALSE,FALSE,FALSE
1476038,2,FALSE,TRUE,FALSE,FALSE,FALSE
1332307,2,FALSE,TRUE,FALSE,FALSE,FALSE
1385796,2,FALSE,TRUE,FALSE,FALSE,FALSE
1308176,2,FALSE,TRUE,FALSE,FALSE,FALSE
1391310,2,FALSE,TRUE,FALSE,FALSE,FALSE
1453695,2,FALSE,TRUE,FALSE,FALSE,FALSE
1475760,2,FALSE,TRUE,FALSE,FALSE,FALSE
1451423,2,FALSE,TRUE,FALSE,FALSE,FALSE
1338362,2,FALSE,TRUE,FALSE,FALSE,FALSE
1461025,2,FALSE,TRUE,FALSE,FALSE,FALSE
1453827,2,FALSE,TRUE,FALSE,FALSE,FALSE
1482711,2,FALSE,TRUE,FALSE,FALSE,FALSE
1405290,2,FALSE,TRUE,FALSE,FALSE,FALSE
1482227,2,FALSE,TRUE,FALSE,FALSE,FALSE
1419371,2,FALSE,TRUE,FALSE,FALSE,FALSE
1479469,2,FALSE,TRUE,FALSE,FALSE,FALSE
1245961,2,FALSE,TRUE,FALSE,FALSE,FALSE
1463844,2,FALSE,TRUE,FALSE,FALSE,FALSE
1483976,2,FALSE,TRUE,FALSE,FALSE,FALSE
1463427,2,FALSE,TRUE,FALSE,FALSE,FALSE
1471593,2,FALSE,TRUE,FALSE,FALSE,FALSE
1075652,2,FALSE,TRUE,FALSE,FALSE,FALSE
1451522,2,FALSE,TRUE,FALSE,FALSE,FALSE
1441982,2,FALSE,TRUE,FALSE,FALSE,FALSE
1388542,2,FALSE,TRUE,FALSE,FALSE,FALSE
1308850,2,FALSE,TRUE,FALSE,FALSE,FALSE
1477651,2,FALSE,TRUE,FALSE,FALSE,FALSE
1382475,2,FALSE,TRUE,FALSE,FALSE,FALSE
1382652,2,FALSE,TRUE,FALSE,FALSE,FALSE
1407713,2,FALSE,TRUE,FALSE,FALSE,FALSE
1379150,2,FALSE,TRUE,FALSE,FALSE,FALSE
1234373,2,FALSE,TRUE,FALSE,FALSE,FALSE
1034620,2,FALSE,TRUE,FALSE,FALSE,FALSE
1466775,2,FALSE,TRUE,FALSE,FALSE,FALSE
1465979,2,FALSE,TRUE,FALSE,FALSE,FALSE
1232371,2,FALSE,TRUE,FALSE,FALSE,FALSE
1456661,2,FALSE,TRUE,FALSE,FALSE,FALSE
1018867,2,FALSE,TRUE,FALSE,FALSE,FALSE
1065432,2,FALSE,TRUE,FALSE,FALSE,FALSE
1034351,2,FALSE,TRUE,FALSE,FALSE,FALSE
1414539,2,FALSE,TRUE,FALSE,FALSE,FALSE
1296994,2,FALSE,TRUE,FALSE,FALSE,FALSE
1302490,2,FALSE,TRUE,FALSE,FALSE,FALSE
1059761,2,FALSE,TRUE,TRUE,FALSE,FALSE
1471190,2,FALSE,TRUE,FALSE,FALSE,FALSE
1421694,2,FALSE,TRUE,FALSE,FALSE,FALSE
1476074,2,FALSE,TRUE,FALSE,FALSE,FALSE
1472079,2,FALSE,TRUE,FALSE,FALSE,FALSE
1470550,2,FALSE,TRUE,FALSE,FALSE,FALSE
1485378,2,FALSE,TRUE,FALSE,FALSE,FALSE
1302661,2,FALSE,TRUE,FALSE,FALSE,FALSE
1476108,2,FALSE,TRUE,FALSE,FALSE,FALSE
1486581,2,FALSE,TRUE,FALSE,FALSE,FALSE
1471702,2,FALSE,TRUE,FALSE,FALSE,FALSE
1472064,2,FALSE,TRUE,FALSE,FALSE,FALSE
1493421,2,FALSE,TRUE,FALSE,FALSE,FALSE
1463355,2,FALSE,TRUE,FALSE,FALSE,FALSE
1073147,2,FALSE,TRUE,FALSE,FALSE,FALSE
1433436,2,FALSE,TRUE,FALSE,FALSE,FALSE
1482084,2,FALSE,TRUE,FALSE,FALSE,FALSE
1069854,2,FALSE,TRUE,FALSE,FALSE,FALSE
1048979,2,FALSE,TRUE,FALSE,FALSE,FALSE
1383372,2,FALSE,TRUE,FALSE,FALSE,FALSE
1463832,2,FALSE,TRUE,FALSE,FALSE,FALSE
1442994,2,FALSE,TRUE,FALSE,FALSE,FALSE
1076444,2,FALSE,TRUE,FALSE,FALSE,FALSE
1487286,2,FALSE,TRUE,FALSE,FALSE,FALSE
1490368,2,FALSE,TRUE,FALSE,FALSE,FALSE
1485633,2,FALSE,TRUE,FALSE,FALSE,FALSE
1036765,2,FALSE,TRUE,FALSE,FALSE,FALSE
1466331,2,FALSE,FALSE,FALSE,TRUE,FALSE
1468481,2,FALSE,TRUE,FALSE,FALSE,FALSE
1463425,2,FALSE,TRUE,FALSE,FALSE,FALSE
1495589,2,FALSE,TRUE,FALSE,FALSE,FALSE
1485666,2,FALSE,TRUE,FALSE,FALSE,FALSE
1490201,2,FALSE,TRUE,FALSE,FALSE,FALSE
1058358,2,FALSE,TRUE,FALSE,FALSE,FALSE
1018815,2,FALSE,TRUE,FALSE,FALSE,FALSE
1021464,2,FALSE,TRUE,FALSE,FALSE,FALSE
1064197,2,FALSE,TRUE,FALSE,FALSE,FALSE
1021786,2,FALSE,TRUE,FALSE,FALSE,FALSE
1018556,2,FALSE,TRUE,TRUE,FALSE,FALSE
1020658,2,FALSE,TRUE,FALSE,FALSE,FALSE
1022838,2,FALSE,TRUE,FALSE,FALSE,FALSE
1022714,2,FALSE,TRUE,FALSE,FALSE,FALSE
1024615,2,FALSE,TRUE,FALSE,FALSE,FALSE
1465492,2,FALSE,TRUE,FALSE,FALSE,FALSE
1250925,2,FALSE,TRUE,FALSE,FALSE,FALSE
1044161,2,FALSE,TRUE,TRUE,FALSE,FALSE
1392639,2,FALSE,TRUE,FALSE,FALSE,FALSE
1037735,2,FALSE,TRUE,FALSE,FALSE,FALSE
1220653,2,FALSE,TRUE,FALSE,FALSE,FALSE
1075360,2,FALSE,TRUE,FALSE,FALSE,FALSE
1076049,2,FALSE,TRUE,FALSE,FALSE,FALSE
1021807,2,FALSE,TRUE,FALSE,FALSE,FALSE
1051134,2,FALSE,TRUE,FALSE,FALSE,FALSE
1462239,2,FALSE,TRUE,FALSE,FALSE,FALSE
1060256,2,FALSE,TRUE,FALSE,FALSE,FALSE
1334557,2,FALSE,TRUE,FALSE,FALSE,FALSE
1461145,2,FALSE,FALSE,FALSE,TRUE,FALSE
1036634,2,FALSE,TRUE,FALSE,FALSE,FALSE
1029893,2,FALSE,TRUE,FALSE,FALSE,FALSE
1463768,2,FALSE,FALSE,FALSE,TRUE,FALSE
1034233,2,FALSE,TRUE,FALSE,FALSE,FALSE
1465523,2,FALSE,TRUE,FALSE,FALSE,FALSE
1379388,2,FALSE,TRUE,FALSE,FALSE,FALSE
1447779,2,FALSE,TRUE,FALSE,FALSE,FALSE
1470040,2,FALSE,TRUE,FALSE,FALSE,FALSE
1467232,2,FALSE,TRUE,FALSE,FALSE,FALSE
1484458,2,FALSE,TRUE,FALSE,FALSE,FALSE
1464861,2,FALSE,TRUE,FALSE,FALSE,FALSE
1477633,2,FALSE,TRUE,FALSE,FALSE,FALSE
1484499,2,FALSE,TRUE,FALSE,FALSE,FALSE
1452953,2,FALSE,TRUE,FALSE,FALSE,FALSE
1302564,2,FALSE,TRUE,FALSE,FALSE,FALSE
1378848,2,FALSE,TRUE,FALSE,FALSE,FALSE
1353676,2,FALSE,TRUE,FALSE,FALSE,FALSE
1313609,2,FALSE,TRUE,FALSE,FALSE,FALSE
1341544,2,FALSE,TRUE,FALSE,FALSE,FALSE
1044705,2,FALSE,TRUE,FALSE,FALSE,FALSE
1051201,2,FALSE,TRUE,FALSE,FALSE,FALSE
1009581,2,FALSE,TRUE,FALSE,FALSE,FALSE
1018563,2,FALSE,TRUE,FALSE,FALSE,FALSE
1439763,2,FALSE,TRUE,FALSE,FALSE,FALSE
1302356,2,FALSE,TRUE,FALSE,FALSE,FALSE
1473325,2,FALSE,TRUE,FALSE,FALSE,FALSE
1452180,2,FALSE,TRUE,FALSE,FALSE,FALSE
1494500,2,FALSE,TRUE,FALSE,FALSE,FALSE
1465219,2,FALSE,TRUE,FALSE,FALSE,FALSE
1278221,2,FALSE,TRUE,FALSE,FALSE,FALSE
1347850,2,FALSE,TRUE,FALSE,FALSE,FALSE
1434949,2,FALSE,TRUE,FALSE,FALSE,FALSE
1461552,2,FALSE,TRUE,FALSE,FALSE,FALSE
1479896,2,FALSE,TRUE,FALSE,FALSE,FALSE
1467867,2,FALSE,TRUE,FALSE,FALSE,FALSE
1405704,2,FALSE,TRUE,FALSE,FALSE,FALSE
1384156,2,FALSE,TRUE,FALSE,FALSE,FALSE
1478510,2,FALSE,TRUE,TRUE,FALSE,FALSE
1342330,2,FALSE,TRUE,FALSE,FALSE,FALSE
1029253,2,FALSE,TRUE,FALSE,FALSE,FALSE
1052776,2,FALSE,TRUE,FALSE,FALSE,FALSE
1478839,2,FALSE,TRUE,FALSE,FALSE,FALSE
1318048,2,FALSE,TRUE,FALSE,FALSE,FALSE
1427890,2,FALSE,TRUE,FALSE,FALSE,FALSE
1463617,2,FALSE,TRUE,FALSE,FALSE,FALSE
1441642,2,FALSE,TRUE,FALSE,FALSE,FALSE
1495999,2,FALSE,TRUE,FALSE,FALSE,FALSE
1442645,2,FALSE,TRUE,FALSE,FALSE,FALSE
1064780,2,FALSE,TRUE,FALSE,FALSE,FALSE
1259083,2,FALSE,TRUE,FALSE,FALSE,FALSE
1467372,3,FALSE,TRUE,FALSE,FALSE,FALSE
1344093,3,FALSE,TRUE,FALSE,FALSE,FALSE
1235352,3,FALSE,TRUE,FALSE,FALSE,FALSE
1288733,3,FALSE,TRUE,FALSE,FALSE,FALSE
1432306,3,FALSE,TRUE,FALSE,FALSE,FALSE
1011692,3,FALSE,TRUE,FALSE,FALSE,FALSE
1474269,3,FALSE,TRUE,FALSE,FALSE,FALSE
1053292,3,FALSE,TRUE,FALSE,FALSE,FALSE
1280496,3,FALSE,TRUE,FALSE,FALSE,FALSE
1424456,3,FALSE,TRUE,FALSE,FALSE,FALSE
1310421,3,FALSE,TRUE,FALSE,FALSE,FALSE
1275549,3,FALSE,TRUE,TRUE,FALSE,FALSE
1459569,3,FALSE,TRUE,FALSE,FALSE,FALSE
1018624,3,FALSE,TRUE,FALSE,FALSE,FALSE
1045888,3,FALSE,TRUE,FALSE,FALSE,FALSE
1253132,3,FALSE,TRUE,FALSE,FALSE,FALSE
1021352,3,FALSE,TRUE,FALSE,FALSE,FALSE
1018341,3,FALSE,TRUE,FALSE,FALSE,FALSE
1401652,3,FALSE,TRUE,FALSE,FALSE,FALSE
1399240,3,FALSE,TRUE,FALSE,FALSE,FALSE
1420287,3,FALSE,TRUE,FALSE,FALSE,FALSE
1469035,3,FALSE,TRUE,FALSE,FALSE,FALSE
1479527,3,FALSE,TRUE,FALSE,FALSE,FALSE
1476300,3,FALSE,TRUE,FALSE,FALSE,FALSE
1482266,3,FALSE,TRUE,FALSE,FALSE,FALSE
1413554,3,FALSE,TRUE,FALSE,FALSE,FALSE
1019126,3,FALSE,TRUE,TRUE,FALSE,FALSE
1395159,3,FALSE,TRUE,FALSE,FALSE,FALSE
1442154,3,FALSE,TRUE,FALSE,FALSE,FALSE
1462391,3,FALSE,TRUE,FALSE,FALSE,FALSE
1287846,3,FALSE,TRUE,TRUE,FALSE,FALSE
1457026,3,FALSE,TRUE,FALSE,FALSE,FALSE
1252582,3,FALSE,TRUE,FALSE,FALSE,FALSE
1466127,3,FALSE,TRUE,FALSE,FALSE,FALSE
1411428,3,FALSE,TRUE,FALSE,FALSE,FALSE
1412628,3,FALSE,TRUE,FALSE,FALSE,FALSE
1461314,3,FALSE,TRUE,TRUE,FALSE,FALSE
1051550,3,FALSE,TRUE,FALSE,FALSE,FALSE
1019917,3,FALSE,TRUE,FALSE,FALSE,FALSE
1049296,3,FALSE,TRUE,FALSE,FALSE,FALSE
1445347,3,FALSE,TRUE,FALSE,FALSE,FALSE
1417047,3,FALSE,TRUE,FALSE,FALSE,FALSE
1469821,3,FALSE,TRUE,FALSE,FALSE,FALSE
1480233,3,FALSE,TRUE,FALSE,FALSE,FALSE
1480679,3,FALSE,FALSE,FALSE,TRUE,FALSE
1476175,3,FALSE,TRUE,FALSE,FALSE,FALSE
1485330,3,FALSE,TRUE,FALSE,FALSE,FALSE
1482450,3,FALSE,FALSE,FALSE,TRUE,FALSE
1489495,3,FALSE,TRUE,FALSE,FALSE,FALSE
1042076,3,FALSE,TRUE,FALSE,FALSE,FALSE
1035796,3,FALSE,TRUE,FALSE,FALSE,FALSE
1483564,3,FALSE,TRUE,FALSE,FALSE,FALSE
1019000,3,FALSE,TRUE,FALSE,FALSE,FALSE
1491835,3,FALSE,TRUE,FALSE,FALSE,FALSE
1491604,3,FALSE,TRUE,FALSE,FALSE,FALSE
1489499,3,FALSE,TRUE,FALSE,FALSE,FALSE
1477692,3,FALSE,FALSE,FALSE,TRUE,FALSE
1480038,3,FALSE,FALSE,FALSE,TRUE,FALSE
1490117,3,FALSE,FALSE,FALSE,TRUE,FALSE
1486349,3,FALSE,TRUE,FALSE,FALSE,FALSE
1490463,3,FALSE,FALSE,FALSE,TRUE,FALSE
1384902,3,FALSE,TRUE,FALSE,FALSE,FALSE
1490547,3,FALSE,TRUE,FALSE,FALSE,FALSE
1494401,3,FALSE,TRUE,FALSE,FALSE,FALSE
1494863,3,FALSE,TRUE,FALSE,FALSE,FALSE
1462036,3,FALSE,TRUE,FALSE,FALSE,FALSE
1487718,3,FALSE,TRUE,FALSE,FALSE,FALSE
1494341,3,FALSE,TRUE,FALSE,FALSE,FALSE
1492954,3,FALSE,TRUE,FALSE,FALSE,FALSE
1445238,3,FALSE,TRUE,FALSE,FALSE,FALSE
1495652,3,FALSE,TRUE,FALSE,FALSE,FALSE
1057693,3,FALSE,TRUE,FALSE,FALSE,FALSE
1458503,3,FALSE,TRUE,FALSE,FALSE,FALSE
1439483,3,FALSE,TRUE,FALSE,FALSE,FALSE
1464400,3,FALSE,TRUE,FALSE,FALSE,FALSE
1429438,3,FALSE,TRUE,FALSE,FALSE,FALSE
1462228,3,FALSE,TRUE,FALSE,FALSE,FALSE
1474197,3,FALSE,TRUE,FALSE,FALSE,FALSE
1454094,3,FALSE,TRUE,FALSE,FALSE,FALSE
1249823,3,FALSE,TRUE,FALSE,FALSE,FALSE
1472089,3,FALSE,TRUE,FALSE,FALSE,FALSE
1340996,3,FALSE,TRUE,FALSE,FALSE,FALSE
1411182,3,FALSE,FALSE,FALSE,FALSE,TRUE
1431730,3,FALSE,FALSE,FALSE,TRUE,TRUE
1066661,3,FALSE,TRUE,FALSE,FALSE,FALSE
1483553,3,FALSE,TRUE,FALSE,FALSE,FALSE
1483996,3,FALSE,FALSE,FALSE,FALSE,TRUE
1470994,3,FALSE,TRUE,FALSE,FALSE,FALSE
1420897,3,FALSE,TRUE,FALSE,FALSE,FALSE
1044682,3,FALSE,TRUE,FALSE,FALSE,FALSE
1482447,3,FALSE,TRUE,FALSE,FALSE,FALSE
1466442,3,FALSE,TRUE,FALSE,FALSE,FALSE
1486193,3,FALSE,TRUE,FALSE,FALSE,FALSE
1037930,3,FALSE,TRUE,FALSE,FALSE,FALSE
1481811,3,FALSE,TRUE,FALSE,FALSE,FALSE
1483146,3,FALSE,TRUE,FALSE,FALSE,FALSE
1483381,3,FALSE,TRUE,FALSE,FALSE,FALSE
1038440,3,FALSE,TRUE,FALSE,FALSE,FALSE
1485141,3,FALSE,TRUE,FALSE,FALSE,FALSE
1492360,3,FALSE,TRUE,FALSE,FALSE,FALSE
1478161,3,FALSE,TRUE,FALSE,FALSE,FALSE
1271108,3,FALSE,TRUE,FALSE,FALSE,FALSE
1490422,3,FALSE,TRUE,FALSE,FALSE,FALSE
1479905,3,FALSE,TRUE,FALSE,FALSE,FALSE
1433827,3,FALSE,TRUE,FALSE,FALSE,FALSE
1478243,3,FALSE,FALSE,FALSE,TRUE,FALSE
1018866,3,FALSE,TRUE,TRUE,FALSE,FALSE
1401877,3,FALSE,TRUE,FALSE,FALSE,FALSE
1329784,3,FALSE,TRUE,FALSE,FALSE,FALSE
1019149,3,FALSE,TRUE,FALSE,FALSE,FALSE
1415398,3,FALSE,TRUE,FALSE,FALSE,FALSE
1483724,3,FALSE,TRUE,FALSE,FALSE,FALSE
1277670,3,FALSE,TRUE,FALSE,FALSE,FALSE
1062246,3,FALSE,TRUE,FALSE,FALSE,FALSE
1323167,3,FALSE,TRUE,FALSE,FALSE,FALSE
1318985,3,FALSE,TRUE,FALSE,FALSE,FALSE
1483296,3,FALSE,TRUE,FALSE,FALSE,FALSE
1427634,3,FALSE,TRUE,FALSE,FALSE,FALSE
1249833,3,FALSE,TRUE,FALSE,FALSE,FALSE
1042837,3,FALSE,TRUE,FALSE,FALSE,FALSE
1029748,3,FALSE,TRUE,FALSE,FALSE,FALSE
1048803,3,FALSE,TRUE,FALSE,FALSE,FALSE
1048801,3,FALSE,TRUE,FALSE,FALSE,FALSE
1047760,3,FALSE,TRUE,FALSE,FALSE,FALSE
1244975,3,FALSE,TRUE,FALSE,FALSE,FALSE
1433465,3,FALSE,TRUE,FALSE,FALSE,FALSE
1065909,3,FALSE,TRUE,FALSE,FALSE,FALSE
1483814,3,FALSE,TRUE,FALSE,FALSE,FALSE
1220069,3,FALSE,TRUE,FALSE,FALSE,FALSE
1343062,3,FALSE,TRUE,FALSE,FALSE,FALSE
1469394,3,FALSE,TRUE,FALSE,FALSE,FALSE
1451524,3,FALSE,TRUE,FALSE,FALSE,FALSE
1356355,3,FALSE,TRUE,FALSE,FALSE,FALSE
1460537,3,FALSE,TRUE,FALSE,FALSE,FALSE
1031850,3,FALSE,TRUE,FALSE,FALSE,FALSE
1469663,3,FALSE,TRUE,FALSE,FALSE,FALSE
1343640,3,FALSE,TRUE,FALSE,FALSE,FALSE
1466153,3,FALSE,TRUE,FALSE,FALSE,FALSE
1334559,3,FALSE,TRUE,FALSE,FALSE,FALSE
1308278,3,FALSE,TRUE,FALSE,FALSE,FALSE
1346267,3,FALSE,TRUE,FALSE,FALSE,FALSE
1405082,3,FALSE,TRUE,FALSE,FALSE,FALSE
1337629,3,FALSE,TRUE,FALSE,FALSE,FALSE
1041565,3,FALSE,TRUE,FALSE,FALSE,FALSE
1026317,3,FALSE,TRUE,FALSE,FALSE,FALSE
1266189,3,FALSE,TRUE,FALSE,FALSE,FALSE
1252378,3,FALSE,TRUE,FALSE,FALSE,FALSE
1415585,3,FALSE,TRUE,FALSE,FALSE,FALSE
1395895,3,FALSE,TRUE,FALSE,FALSE,FALSE
1478784,3,FALSE,TRUE,FALSE,FALSE,FALSE
1478968,3,FALSE,TRUE,FALSE,FALSE,FALSE
1475960,3,FALSE,TRUE,FALSE,FALSE,FALSE
1474254,3,FALSE,TRUE,FALSE,FALSE,FALSE
1463729,3,FALSE,TRUE,FALSE,FALSE,FALSE
1459938,3,FALSE,TRUE,FALSE,FALSE,FALSE
1048548,3,FALSE,TRUE,TRUE,FALSE,FALSE
1018812,3,FALSE,TRUE,FALSE,FALSE,FALSE
1467142,3,FALSE,FALSE,FALSE,TRUE,FALSE
1398107,3,FALSE,TRUE,FALSE,FALSE,FALSE
1018436,3,FALSE,TRUE,FALSE,FALSE,FALSE
1044224,3,FALSE,TRUE,FALSE,FALSE,FALSE
1465558,3,FALSE,TRUE,FALSE,FALSE,FALSE
1070281,3,FALSE,TRUE,FALSE,FALSE,FALSE
1450483,3,FALSE,TRUE,FALSE,FALSE,FALSE
1479984,3,FALSE,FALSE,FALSE,TRUE,FALSE
1469547,3,FALSE,TRUE,FALSE,FALSE,FALSE
1300752,3,FALSE,TRUE,FALSE,FALSE,FALSE
1020659,3,FALSE,TRUE,FALSE,FALSE,FALSE
1484020,3,FALSE,TRUE,FALSE,FALSE,FALSE
1379624,3,FALSE,TRUE,FALSE,FALSE,FALSE
1493303,3,FALSE,TRUE,FALSE,FALSE,FALSE
1264441,3,FALSE,TRUE,FALSE,FALSE,FALSE
1339123,3,FALSE,TRUE,TRUE,FALSE,FALSE
1051385,3,FALSE,TRUE,FALSE,FALSE,FALSE
1279609,3,FALSE,TRUE,FALSE,FALSE,FALSE
1423919,3,FALSE,TRUE,FALSE,FALSE,FALSE
1435804,3,FALSE,TRUE,FALSE,FALSE,FALSE
1435445,3,FALSE,TRUE,FALSE,FALSE,FALSE
1435894,3,FALSE,TRUE,FALSE,FALSE,FALSE
1425184,3,FALSE,FALSE,FALSE,FALSE,TRUE
1029241,3,FALSE,TRUE,FALSE,FALSE,FALSE
1378257,3,FALSE,TRUE,FALSE,FALSE,FALSE
1318753,3,FALSE,FALSE,FALSE,FALSE,TRUE
1338355,3,FALSE,FALSE,FALSE,FALSE,TRUE
1374496,3,FALSE,TRUE,FALSE,FALSE,FALSE
1288619,3,FALSE,TRUE,FALSE,FALSE,FALSE
1056422,3,FALSE,TRUE,FALSE,FALSE,FALSE
1282257,3,FALSE,TRUE,FALSE,FALSE,FALSE
1035088,3,FALSE,TRUE,FALSE,FALSE,FALSE
1484045,3,FALSE,TRUE,FALSE,FALSE,FALSE
1345010,3,FALSE,TRUE,FALSE,FALSE,FALSE
1455936,3,FALSE,TRUE,FALSE,FALSE,FALSE
1467222,4,FALSE,TRUE,FALSE,FALSE,FALSE
1067651,4,FALSE,TRUE,FALSE,FALSE,FALSE
1416673,4,FALSE,TRUE,FALSE,FALSE,FALSE
1219570,4,FALSE,TRUE,FALSE,FALSE,FALSE
1049575,4,FALSE,TRUE,FALSE,FALSE,FALSE
1249402,4,FALSE,TRUE,FALSE,FALSE,FALSE
1038764,4,FALSE,TRUE,FALSE,FALSE,FALSE
1021800,4,FALSE,TRUE,FALSE,FALSE,FALSE
1485004,4,FALSE,TRUE,FALSE,FALSE,FALSE
1070689,4,FALSE,TRUE,FALSE,FALSE,FALSE
1238126,4,FALSE,TRUE,FALSE,FALSE,FALSE
1026913,4,FALSE,TRUE,FALSE,FALSE,FALSE
1048272,4,FALSE,TRUE,FALSE,FALSE,FALSE
1466651,4,FALSE,FALSE,FALSE,FALSE,TRUE
1441380,4,FALSE,FALSE,FALSE,FALSE,TRUE
1468344,4,FALSE,TRUE,FALSE,FALSE,FALSE
1478887,4,FALSE,TRUE,FALSE,FALSE,FALSE
1482881,4,FALSE,TRUE,FALSE,FALSE,FALSE
1365275,4,FALSE,TRUE,FALSE,FALSE,FALSE
1388424,4,FALSE,TRUE,FALSE,FALSE,FALSE
1415174,4,FALSE,TRUE,FALSE,FALSE,FALSE
1442145,4,FALSE,TRUE,TRUE,FALSE,FALSE
1472889,4,FALSE,TRUE,FALSE,FALSE,FALSE
1029925,4,FALSE,TRUE,FALSE,FALSE,FALSE
1060144,4,FALSE,TRUE,FALSE,FALSE,FALSE
1485740,4,FALSE,TRUE,FALSE,FALSE,FALSE
1236496,4,FALSE,TRUE,FALSE,FALSE,FALSE
1303372,4,FALSE,TRUE,FALSE,FALSE,FALSE
1439624,4,FALSE,TRUE,FALSE,FALSE,FALSE
1436056,4,FALSE,TRUE,FALSE,FALSE,FALSE
1031932,4,FALSE,TRUE,FALSE,FALSE,FALSE
1227710,4,FALSE,TRUE,FALSE,FALSE,FALSE
1445078,4,FALSE,TRUE,TRUE,FALSE,FALSE
1490947,4,FALSE,TRUE,FALSE,FALSE,FALSE
1066779,4,FALSE,TRUE,FALSE,FALSE,FALSE
1048798,4,FALSE,TRUE,FALSE,FALSE,FALSE
1297706,4,FALSE,TRUE,FALSE,FALSE,FALSE
1473131,4,FALSE,TRUE,FALSE,FALSE,FALSE
1294035,4,FALSE,TRUE,FALSE,FALSE,FALSE
1282808,4,FALSE,TRUE,FALSE,FALSE,FALSE
1043840,4,FALSE,TRUE,FALSE,FALSE,FALSE
1480117,4,FALSE,TRUE,FALSE,FALSE,FALSE
1302106,4,FALSE,TRUE,FALSE,FALSE,FALSE
1444524,4,FALSE,TRUE,FALSE,FALSE,FALSE
1466188,4,FALSE,TRUE,FALSE,FALSE,FALSE
1261372,4,FALSE,TRUE,TRUE,FALSE,FALSE
1378400,4,FALSE,TRUE,FALSE,FALSE,FALSE
1245177,4,FALSE,TRUE,FALSE,FALSE,FALSE
1232015,4,FALSE,TRUE,FALSE,FALSE,FALSE
1018843,4,FALSE,TRUE,FALSE,FALSE,FALSE
1019127,4,FALSE,TRUE,FALSE,FALSE,FALSE
1465860,4,FALSE,TRUE,FALSE,FALSE,FALSE
1435767,4,FALSE,TRUE,FALSE,FALSE,FALSE
1462294,4,FALSE,TRUE,FALSE,FALSE,FALSE
1467198,4,FALSE,TRUE,FALSE,FALSE,FALSE
1451461,4,FALSE,TRUE,FALSE,FALSE,FALSE
1399471,4,FALSE,TRUE,FALSE,FALSE,FALSE
1361806,4,FALSE,TRUE,FALSE,FALSE,FALSE
1048806,4,FALSE,TRUE,FALSE,FALSE,FALSE
1073702,4,FALSE,TRUE,FALSE,FALSE,FALSE
1433453,4,FALSE,TRUE,FALSE,FALSE,FALSE
1434166,4,FALSE,FALSE,FALSE,FALSE,TRUE
1310888,4,FALSE,TRUE,FALSE,FALSE,FALSE
1480351,4,FALSE,TRUE,FALSE,FALSE,FALSE
1034862,4,FALSE,TRUE,FALSE,FALSE,FALSE
1288904,4,FALSE,TRUE,FALSE,FALSE,FALSE
1288723,4,FALSE,TRUE,FALSE,FALSE,FALSE
1470408,4,FALSE,TRUE,FALSE,FALSE,FALSE
1314982,4,FALSE,TRUE,FALSE,FALSE,FALSE
1340395,4,FALSE,TRUE,FALSE,FALSE,FALSE
1038259,4,FALSE,TRUE,FALSE,FALSE,FALSE
1073241,4,FALSE,TRUE,FALSE,FALSE,FALSE
1298069,4,FALSE,TRUE,FALSE,FALSE,FALSE
1019170,4,FALSE,TRUE,FALSE,FALSE,FALSE
1287517,4,FALSE,TRUE,FALSE,FALSE,FALSE
1416436,4,FALSE,TRUE,FALSE,FALSE,FALSE
1480012,4,FALSE,TRUE,FALSE,FALSE,FALSE
1266792,4,FALSE,TRUE,FALSE,FALSE,FALSE
1052206,4,FALSE,TRUE,FALSE,FALSE,FALSE
1468160,4,FALSE,TRUE,FALSE,FALSE,FALSE
1294190,4,FALSE,TRUE,FALSE,FALSE,FALSE
1463359,4,FALSE,TRUE,FALSE,FALSE,FALSE
1445613,4,FALSE,TRUE,FALSE,FALSE,FALSE
1026361,4,FALSE,TRUE,FALSE,FALSE,FALSE
1300471,4,FALSE,TRUE,FALSE,FALSE,FALSE
1037581,4,FALSE,TRUE,FALSE,FALSE,FALSE
1284523,4,FALSE,TRUE,FALSE,FALSE,FALSE
1067847,4,FALSE,TRUE,FALSE,FALSE,FALSE
1483329,4,FALSE,TRUE,FALSE,FALSE,FALSE
1488734,4,FALSE,TRUE,FALSE,FALSE,FALSE
1345259,4,FALSE,TRUE,FALSE,FALSE,FALSE
1228540,4,FALSE,TRUE,FALSE,FALSE,FALSE
1463344,4,FALSE,TRUE,FALSE,FALSE,FALSE
1048800,4,FALSE,TRUE,FALSE,FALSE,FALSE
1327845,4,FALSE,TRUE,FALSE,FALSE,FALSE
1283531,4,FALSE,TRUE,FALSE,FALSE,FALSE
1420444,4,FALSE,TRUE,FALSE,FALSE,FALSE
1015939,4,FALSE,TRUE,FALSE,FALSE,FALSE
1013752,4,FALSE,TRUE,FALSE,FALSE,FALSE
1315127,4,FALSE,TRUE,FALSE,FALSE,FALSE
1278566,4,FALSE,TRUE,FALSE,FALSE,FALSE
1329465,4,FALSE,TRUE,FALSE,FALSE,FALSE
1026400,5,FALSE,TRUE,FALSE,FALSE,FALSE
1391325,5,FALSE,TRUE,FALSE,FALSE,FALSE
1018998,5,FALSE,TRUE,FALSE,FALSE,FALSE
1434027,5,FALSE,TRUE,FALSE,FALSE,FALSE
1072107,5,FALSE,TRUE,FALSE,FALSE,FALSE
1464630,5,FALSE,TRUE,FALSE,FALSE,FALSE
1484308,5,FALSE,TRUE,FALSE,FALSE,FALSE
1422587,5,FALSE,TRUE,FALSE,FALSE,FALSE
1465175,5,FALSE,TRUE,FALSE,FALSE,FALSE
1050857,5,FALSE,TRUE,FALSE,FALSE,FALSE
1361191,5,FALSE,TRUE,FALSE,FALSE,FALSE
