pac_id,Contributor.Name,name_variants,is_seed,is_tracked_recipient,status,unresolvable_reason,is_federal_pac,suspected_federal_pac,suspected_federal_reason,is_major_donor_ie,is_candidate_pac,low_data_sufficiency,unknown_data_sufficiency,data_ok,contributor_is_dc_based,total_received,total_donated_all,data_sufficiency,unitemized_amount,under_5k_amount,over_5k_amount,pct_over_5k,total_direct_over_5k,total_resolvable,pct_resolvable
1301846,Western States Regional Council of Carpenters Issues Committee,Western States Regional Council of Carpenters | Western States Regional Council of Carpenters Issues Committee,TRUE,FALSE,resolved,other,FALSE,FALSE,NA,FALSE,FALSE,FALSE,FALSE,TRUE,FALSE,2543825.2199999997,2651100,0.9595357474255968,0,4192.5,2539632.7199999997,0.9983518914872619,2539632.7199999997,2539632.7199999997,0.9983518914872619
900161,NA,NA,TRUE,FALSE,unresolved,no_contributor_data,FALSE,FALSE,NA,FALSE,FALSE,FALSE,TRUE,FALSE,FALSE,NA,NA,NA,NA,NA,NA,NA,0,0,0
1067293,California Correctional Peace Officers Association (CCPOA) Local Political Action Committee,California Correctional Peace Officers Association (CCPOA) Local Political Action Committee | California Correctional Peace Officers Association Local PAC | California Correctional Peace Officers Association Political Action Committee,FALSE,FALSE,resolved,low_data_sufficiency,FALSE,FALSE,NA,FALSE,FALSE,TRUE,FALSE,FALSE,FALSE,500000,1869900,0.26739397828760897,0,0,500000,1,500000,500000,0
1484266,Protect Patients: Stop the Attack on Community Health Centers and Clinics,No on Prop 44 - Stop the Attack on Patients and Community Health Clinics | Protect Patients: Stop the Attack on Community Health Centers and Clinics,FALSE,TRUE,resolved,other,FALSE,FALSE,NA,FALSE,FALSE,FALSE,FALSE,TRUE,FALSE,37619288.25,259500,144.96835549132948,0,21949.699999999997,37597338.55,0.9994165306941978,37597338.55,35466288.61000001,0.9427687300809049
1479399,Lena Gonzalez for State Controller 2030,Lena Gonzalez for State Controller 2030,FALSE,FALSE,resolved,low_pct_resolvable,FALSE,FALSE,NA,FALSE,FALSE,FALSE,FALSE,TRUE,FALSE,294040.52,68500,4.292562335766424,127,214013.52,79800,0.27139116744862235,79800,64300,0.21867734419732354
1481714,"Legislative Action PAC, Sponsored by Legislative Action California","Legislative Action PAC, sponsored by Legislative Action California | Legislative Action PAC, Sponsored by Legislative Action California | LEGISLATIVE ACTION PAC, SPONSORED BY LEGISLATIVE ACTION CALIFORNIA",FALSE,FALSE,resolved,other,FALSE,FALSE,NA,FALSE,FALSE,FALSE,FALSE,TRUE,FALSE,8877389.080000002,2695968.6,3.292838455165984,0,41947.03,8835442.05,0.9952748460586791,8835442.05,8025764.375990306,0.8085987476874625
1463427,Joe Sangirardi for San Francisco Democratic County Central Committee,Joe Sangirardi for San Francisco Democratic County Central Committee | Joe Sangirardi for San Francisco Democratic County Central Committee 2024 | JOE SANGIRARDI FOR SAN FRANCISCO DEMOCRATIC COUNTY CENTRAL COMMITTEE 2024 OFFICEHOLDER COMMITTEE,FALSE,FALSE,unresolved,no_contributor_data,FALSE,FALSE,NA,FALSE,FALSE,FALSE,TRUE,FALSE,FALSE,NA,6500,NA,NA,NA,NA,NA,0,0,0
1302356,Sacramento County Law Enforcement Managers Assoc. PAC,Sacramento County Law Enforcement Managers Assoc. PAC,FALSE,FALSE,unresolved,no_contributor_data,FALSE,FALSE,NA,FALSE,FALSE,FALSE,TRUE,FALSE,FALSE,NA,9800,NA,NA,NA,NA,NA,0,0,0
1247506,California Assisted Living Association PAC,CA Assisted Living Assn PAC | CA Assisted Living Association PAC | California Assisted Living Association PAC | California Assisted Living Association Political Action Committee | California Assisted Living Associaton PAC,FALSE,FALSE,resolved,other,FALSE,FALSE,NA,FALSE,FALSE,FALSE,FALSE,TRUE,FALSE,240598.35,92000,2.615199456521739,0,22950,217648.35,0.9046128121826272,217648.35,217648.35,0.9046128121826272
1018341,Sutter County Republican Central Committee,Sutter County Republican Central Committee | Sutter County Republican Party,FALSE,FALSE,resolved,other,FALSE,FALSE,NA,FALSE,FALSE,FALSE,FALSE,TRUE,FALSE,2211597.62,698862.86,3.1645659636284007,535,25894,2185168.62,0.9880498153185749,2185168.62,2052327.083492345,0.9279839446980165
1495393,Legislative Action California Non-Profit 501(c)(4),Legislative Action California Non-Profit 501(c)(4),FALSE,FALSE,resolved,other,FALSE,FALSE,NA,FALSE,FALSE,FALSE,FALSE,TRUE,FALSE,370000,370000,1,0,0,370000,1,370000,353270.79561908304,0.9547859341056298
1047760,San Joaquin County Building and Construction Trades Council,San Joaquin County Building and Construction Trades Council,FALSE,FALSE,unresolved,no_contributor_data,FALSE,FALSE,NA,FALSE,FALSE,FALSE,TRUE,FALSE,FALSE,NA,6000,NA,NA,NA,NA,NA,0,0,0
1057693,Chula Vista Educators Political Action Committee,Chula Vista Educators Political Action Committee,FALSE,FALSE,unresolved,no_contributor_data,FALSE,FALSE,NA,FALSE,FALSE,FALSE,TRUE,FALSE,FALSE,NA,10000,NA,NA,NA,NA,NA,0,0,0
1026550,California Association of Collectors PAC,CA Association of Collectors PAC | California Association of Collectors PAC | California Association Of Collectors PAC | CALIFORNIA ASSOCIATION OF COLLECTORS PAC,FALSE,FALSE,resolved,low_pct_resolvable,FALSE,FALSE,NA,FALSE,FALSE,FALSE,FALSE,TRUE,FALSE,77709.57999999999,79500,0.9774789937106917,236.2,61611.05999999997,14062.32,0.18095992797799193,14062.32,14062.32,0.18095992797799193
1478887,"Assemblyman Flora for Strong and Safe Communities, a controlled Ballot Measure Committee","Assemblyman Flora for Strong and Safe Communities, a controlled Ballot Measure Committee",FALSE,FALSE,resolved,other,FALSE,FALSE,NA,FALSE,FALSE,FALSE,FALSE,TRUE,FALSE,307400,140337.25,2.19043767780828,0,15200,292200,0.9505530253741054,292200,198200,0.6447625243981783
1456526,Gallagher for Assembly 2024,Gallagher for Assembly 2024 | Gallagher For Assembly 2024 | James Gallagher for Assembly 2024,FALSE,FALSE,candidate_pac,candidate_pac,FALSE,FALSE,NA,FALSE,TRUE,FALSE,TRUE,FALSE,FALSE,NA,NA,NA,NA,NA,NA,NA,0,0,0
1458117,Lackey for Assembly 2024,Lackey for Assembly 2024,FALSE,FALSE,candidate_pac,candidate_pac,FALSE,FALSE,NA,FALSE,TRUE,FALSE,TRUE,FALSE,FALSE,NA,NA,NA,NA,NA,NA,NA,0,0,0
1464761,Maxim Healthcare Services Inc. Political Action Committee (FED PAC ID C00558932),"Information listed on the FEC Reports of MAXIM HEALTHCARE SERVICES INC POLITICAL ACTION COMMITTEE (FEC ID# C00558932). The total amount received shown on Line 2 below. | Maxim Healthcare Services Inc. Political Action Committee (FED PAC ID C00558932) | Maxim Healthcare Services, Inc. PAC (FEC ID# C00558932) | Maxim Healthcare Services, Inc. PAC (FED PAC ID #C00558932) | Maxim Healthcare Services, Inc. PAC (FED PAC ID C00558932)",FALSE,FALSE,federal_pac,federal_pac,TRUE,FALSE,NA,FALSE,FALSE,FALSE,TRUE,FALSE,FALSE,NA,NA,NA,NA,NA,NA,NA,0,0,0
1470155,Re-Elect Montgomery Steppe for Supervisor 2026,Re-Elect Montgomery Steppe for Supervisor 2026,FALSE,FALSE,candidate_pac,candidate_pac,FALSE,FALSE,NA,FALSE,TRUE,FALSE,TRUE,FALSE,FALSE,NA,NA,NA,NA,NA,NA,NA,0,0,0
1476729,Phillip Chen for Assembly 2026,Phillip Chen for Assembly 2026,FALSE,FALSE,candidate_pac,candidate_pac,FALSE,FALSE,NA,FALSE,TRUE,FALSE,TRUE,FALSE,FALSE,NA,NA,NA,NA,NA,NA,NA,0,0,0
1476880,Joe Patterson for Assembly 2026,Joe Patterson for Assembly 2026 | Patterson for Assembly 2026,FALSE,FALSE,candidate_pac,candidate_pac,FALSE,FALSE,NA,FALSE,TRUE,FALSE,TRUE,FALSE,FALSE,NA,NA,NA,NA,NA,NA,NA,0,0,0
1476883,Hoover for Assembly 2026,Hoover for Assembly 2026,FALSE,FALSE,candidate_pac,candidate_pac,FALSE,FALSE,NA,FALSE,TRUE,FALSE,TRUE,FALSE,FALSE,NA,NA,NA,NA,NA,NA,NA,0,0,0
1477064,David Tangipa for Assembly 2026,David Tangipa for Assembly | David Tangipa for Assembly 2026 | David Tangipa For Assembly 2026,FALSE,FALSE,candidate_pac,candidate_pac,FALSE,FALSE,NA,FALSE,TRUE,FALSE,TRUE,FALSE,FALSE,NA,NA,NA,NA,NA,NA,NA,0,0,0
1477270,Juan Alanis for Assembly 2026,"Alanis for Assembly 2026, Juan | Juan Alanis for Assembly 2026 | Juan Alanis For Assembly 2026",FALSE,FALSE,candidate_pac,candidate_pac,FALSE,FALSE,NA,FALSE,TRUE,FALSE,TRUE,FALSE,FALSE,NA,NA,NA,NA,NA,NA,NA,0,0,0
1477348,Leticia Castillo for Assembly 2026,Leticia Castillo for Assembly 2026,FALSE,FALSE,candidate_pac,candidate_pac,FALSE,FALSE,NA,FALSE,TRUE,FALSE,TRUE,FALSE,FALSE,NA,NA,NA,NA,NA,NA,NA,0,0,0
1477611,Heath Flora for Assembly 2026,Flora for Assembly 2026 | Heath Flora for Assembly 2026 | Heath Flora For Assembly 2026,FALSE,FALSE,candidate_pac,candidate_pac,FALSE,FALSE,NA,FALSE,TRUE,FALSE,TRUE,FALSE,FALSE,NA,NA,NA,NA,NA,NA,NA,0,0,0
1479878,Damon Connolly for Senate 2026,Damon Connolly for Senate 2026,FALSE,FALSE,candidate_pac,candidate_pac,FALSE,FALSE,NA,FALSE,TRUE,FALSE,TRUE,FALSE,FALSE,NA,NA,NA,NA,NA,NA,NA,0,0,0
1480425,Steve Hilton for Governor 2026,Steve Hilton for Governor 2026,FALSE,TRUE,candidate_pac,candidate_pac,FALSE,FALSE,NA,FALSE,TRUE,FALSE,TRUE,FALSE,FALSE,NA,NA,NA,NA,NA,NA,NA,0,0,0
NA,Grove Action Fund,NA,FALSE,FALSE,no_id,no_id_pac,FALSE,FALSE,NA,FALSE,FALSE,NA,NA,FALSE,FALSE,NA,NA,NA,NA,NA,NA,NA,0,0,0
NA,Arrowhead Credit Union (Indep Expenditure Committee),NA,FALSE,FALSE,no_id,no_id_pac,FALSE,FALSE,NA,FALSE,FALSE,NA,NA,FALSE,FALSE,NA,NA,NA,NA,NA,NA,NA,0,0,0
NA,NPH Action Fund,NA,FALSE,FALSE,no_id,no_id_pac,FALSE,FALSE,NA,FALSE,FALSE,NA,NA,FALSE,FALSE,NA,NA,NA,NA,NA,NA,NA,0,0,0
NA,Center for Biological Diversity Action Fund,NA,FALSE,FALSE,no_id,no_id_pac,FALSE,FALSE,NA,FALSE,FALSE,NA,NA,FALSE,FALSE,NA,NA,NA,NA,NA,NA,NA,0,0,0
NA,Advocacy Action Fund,NA,FALSE,FALSE,no_id,no_id_pac,FALSE,FALSE,NA,FALSE,FALSE,NA,NA,FALSE,FALSE,NA,NA,NA,NA,NA,NA,NA,0,0,0
NA,Amgen Inc. State PAC,NA,FALSE,FALSE,no_id,no_id_pac,FALSE,FALSE,NA,FALSE,FALSE,NA,NA,FALSE,FALSE,NA,NA,NA,NA,NA,NA,NA,0,0,0
NA,Health Justice Action Fund,NA,FALSE,FALSE,no_id,no_id_pac,FALSE,FALSE,NA,FALSE,FALSE,NA,NA,FALSE,FALSE,NA,NA,NA,NA,NA,NA,NA,0,0,0
