Recipient.Committee.ID,Recipient.Committee,Contributor.Name,Contributor.ID,effective_Contributor.ID,Amount,self_contribution_reason,pac_total_received
1026324,General Motors Company Political Action Committee (GM PAC),General Motors Company Political Action Committee (GM PAC),NA,NA,643504.14,name_match,NA
1026324,General Motors Company Political Action Committee (GM PAC),General Motors Company Political Action Committee (GM PAC),NA,NA,493687.84,name_match,NA
1026324,General Motors Company Political Action Committee (GM PAC),General Motors Company Political Action Committee (GM PAC),NA,NA,253684.94,name_match,NA
1026324,General Motors Company Political Action Committee (GM PAC),General Motors Company Political Action Committee (GM PAC),NA,NA,158582.69,name_match,NA
1034124,LOS ANGELES COUNTY BUILDING AND CONSTRUCTION TRADES COUNCIL - POLITICAL ACTION COMMITTEE,Los Angeles County Building and Construction Trades Council,822029,822029,4004.24,id_match,434336.44
1034124,LOS ANGELES COUNTY BUILDING AND CONSTRUCTION TRADES COUNCIL - POLITICAL ACTION COMMITTEE,Los Angeles County Building and Construction Trades Council,822029,822029,2636,id_match,434336.44
1034124,LOS ANGELES COUNTY BUILDING AND CONSTRUCTION TRADES COUNCIL - POLITICAL ACTION COMMITTEE,Los Angeles County Building and Construction Trades Council,822029,822029,1817.5,id_match,434336.44
1034124,LOS ANGELES COUNTY BUILDING AND CONSTRUCTION TRADES COUNCIL - POLITICAL ACTION COMMITTEE,Los Angeles County Building and Construction Trades Council,822029,822029,1544,id_match,434336.44
1034124,LOS ANGELES COUNTY BUILDING AND CONSTRUCTION TRADES COUNCIL - POLITICAL ACTION COMMITTEE,Los Angeles County Building and Construction Trades Council,822029,822029,1328,id_match,434336.44
1034124,LOS ANGELES COUNTY BUILDING AND CONSTRUCTION TRADES COUNCIL - POLITICAL ACTION COMMITTEE,Los Angeles County Building and Construction Trades Council,822029,822029,773,id_match,434336.44
1045835,"D.R.I.V.E. - Dem, Rep, Ind Voter Ed (The PAC of the Int'l Brhd of Teamsters)","D.R.I.V.E. - Dem, Rep, Ind Voter Ed (The PAC of the Int'l Brhd of Teamsters)",NA,NA,2199130.5,name_match,NA
1045835,"D.R.I.V.E. - Dem, Rep, Ind Voter Ed (The PAC of the Int'l Brhd of Teamsters)","D.R.I.V.E. - Dem, Rep, Ind Voter Ed (The PAC of the Int'l Brhd of Teamsters)",NA,NA,2107790.91,name_match,NA
1045835,"D.R.I.V.E. - Dem, Rep, Ind Voter Ed (The PAC of the Int'l Brhd of Teamsters)","D.R.I.V.E. - Dem, Rep, Ind Voter Ed (The PAC of the Int'l Brhd of Teamsters)",NA,NA,2091234.7,name_match,NA
1045835,"D.R.I.V.E. - Dem, Rep, Ind Voter Ed (The PAC of the Int'l Brhd of Teamsters)","D.R.I.V.E. - Dem, Rep, Ind Voter Ed (The PAC of the Int'l Brhd of Teamsters)",NA,NA,1995445.45,name_match,NA
1045835,"D.R.I.V.E. - Dem, Rep, Ind Voter Ed (The PAC of the Int'l Brhd of Teamsters)","D.R.I.V.E. - Dem, Rep, Ind Voter Ed (The PAC of the Int'l Brhd of Teamsters)",NA,NA,1697862.95,name_match,NA
1045835,"D.R.I.V.E. - Dem, Rep, Ind Voter Ed (The PAC of the Int'l Brhd of Teamsters)","D.R.I.V.E. - Dem, Rep, Ind Voter Ed (The PAC of the Int'l Brhd of Teamsters)",NA,NA,1490725.73,name_match,NA
1045835,"D.R.I.V.E. - Dem, Rep, Ind Voter Ed (The PAC of the Int'l Brhd of Teamsters)","D.R.I.V.E. - Dem, Rep, Ind Voter Ed (The PAC of the Int'l Brhd of Teamsters)",NA,NA,1317629.15,name_match,NA
1045835,"D.R.I.V.E. - Dem, Rep, Ind Voter Ed (The PAC of the Int'l Brhd of Teamsters)","D.R.I.V.E. - Dem, Rep, Ind Voter Ed (The PAC of the Int'l Brhd of Teamsters)",NA,NA,988701.81,name_match,NA
1064202,Oakland Police Officer's Association - Political Action Committee,Oakland Police Officers Association PAC General Fund,943526,943526,559.8,id_match,38870.99
1064202,Oakland Police Officer's Association - Political Action Committee,Oakland Police Officers Association PAC General Fund,943526,943526,516.75,id_match,38870.99
1064202,Oakland Police Officer's Association - Political Action Committee,Oakland Police Officers Association PAC General Fund,943526,943526,334.66,id_match,38870.99
1064202,Oakland Police Officer's Association - Political Action Committee,Oakland Police Officers Association PAC General Fund,943526,943526,292.92,id_match,38870.99
1064202,Oakland Police Officer's Association - Political Action Committee,Oakland Police Officers Association PAC General Fund,943526,943526,284.56,id_match,38870.99
1064202,Oakland Police Officer's Association - Political Action Committee,Oakland Police Officers Association PAC General Fund,943526,943526,282.3,id_match,38870.99
1221342,"Enterprise Holdings, Inc. / Enterprise Mobility Political Action Committee - FEDPAC ID# C00219642","Enterprise Holdings, Inc. / Enterprise Mobility Political Action Committee - FEDPAC ID# C00219642",NA,NA,498445.53,name_match,NA
1221342,"Enterprise Holdings, Inc. / Enterprise Mobility Political Action Committee - FEDPAC ID# C00219642","Enterprise Holdings, Inc. / Enterprise Mobility Political Action Committee - FEDPAC ID# C00219642",NA,NA,468897.44,name_match,NA
1221342,"Enterprise Holdings, Inc. / Enterprise Mobility Political Action Committee - FEDPAC ID# C00219642","Enterprise Holdings, Inc. / Enterprise Mobility Political Action Committee - FEDPAC ID# C00219642",NA,NA,459456.05,name_match,NA
1221342,"Enterprise Holdings, Inc. / Enterprise Mobility Political Action Committee - FEDPAC ID# C00219642","Enterprise Holdings, Inc. / Enterprise Mobility Political Action Committee - FEDPAC ID# C00219642",NA,NA,443187.61,name_match,NA
1221342,"Enterprise Holdings, Inc. / Enterprise Mobility Political Action Committee - FEDPAC ID# C00219642","Enterprise Holdings, Inc. / Enterprise Mobility Political Action Committee - FEDPAC ID# C00219642",NA,NA,426545.21,name_match,NA
1221342,"Enterprise Holdings, Inc. / Enterprise Mobility Political Action Committee - FEDPAC ID# C00219642","Enterprise Holdings, Inc. / Enterprise Mobility Political Action Committee - FEDPAC ID# C00219642",NA,NA,384020.61,name_match,NA
1221342,"Enterprise Holdings, Inc. / Enterprise Mobility Political Action Committee - FEDPAC ID# C00219642","Enterprise Holdings, Inc. / Enterprise Mobility Political Action Committee - FEDPAC ID# C00219642",NA,NA,236552.95,name_match,NA
1221342,"Enterprise Holdings, Inc. / Enterprise Mobility Political Action Committee - FEDPAC ID# C00219642","Enterprise Holdings, Inc. / Enterprise Mobility Political Action Committee - FEDPAC ID# C00219642",NA,NA,128174.25,name_match,NA
1414164,International Union of Painters & Allied Trades Legislative Educational Committee (MPO),International Union of Painters & Allied Trades Legislative Educational Committee (MPO),NA,NA,1956956.06,name_match,NA
1414164,International Union of Painters & Allied Trades Legislative Educational Committee (MPO),International Union of Painters & Allied Trades Legislative Educational Committee (MPO),NA,NA,919029.99,name_match,NA
1414164,International Union of Painters & Allied Trades Legislative Educational Committee (MPO),International Union of Painters & Allied Trades Legislative Educational Committee (MPO),NA,NA,697208.49,name_match,NA
1414164,International Union of Painters & Allied Trades Legislative Educational Committee (MPO),International Union of Painters & Allied Trades Legislative Educational Committee (MPO),NA,NA,511063.55,name_match,NA
1414164,International Union of Painters & Allied Trades Legislative Educational Committee (MPO),International Union of Painters & Allied Trades Legislative Educational Committee (MPO),NA,NA,363423.39,name_match,NA
1414164,International Union of Painters & Allied Trades Legislative Educational Committee (MPO),International Union of Painters & Allied Trades Legislative Educational Committee (MPO),NA,NA,253396.55,name_match,NA
1414164,International Union of Painters & Allied Trades Legislative Educational Committee (MPO),International Union of Painters & Allied Trades Legislative Educational Committee (MPO),NA,NA,93640.48,name_match,NA
1456585,BOB ARCHULETA FOR SENATE 2026,Jorge Herrera Avila for City Council 2024,1456585,1456585,150,id_match,NA
1477252,Re-Elect Rick Chavez Zbur for Assembly 2026,Consumer Attorneys Association of Los Angeles PAC,1477252,1477252,2500,id_match,NA
1477262,Bryan for Assembly 2026,"Building a Stronger Future for California PAC, sponsored by Western States Regional Council of Carpenters",1477262,1477262,5000,id_match,NA
1484678,MOVEMENT VOTER PAC (FEC PAC ID C00728360) SUPPORTING PROP 50,Movement Voter PAC,NA,1484678,6596227.11,id_match,NA
1485077,Steyer for Governor 2026,Northern California Carpenters Regional Council  POWER PAC,1485077,1485077,16763.07,id_match,NA
1485666,UAW Region 6 Western States CAP Council (Nonprofit 501(c)(5)),UAW Region 6 Western States CAP Council (Nonprofit 501(c)(5)),NA,NA,450000,name_match,450000
1486858,Mahan for Governor 2026,California Grand Casino,1486858,1486858,2000,id_match,NA
